1,ð\œ,ûc,0.000000,\,,
2,ð\œ,ûc,0.000000,\,,
3,ð\œ,ûc,0.000000,\,,
4,ð\œ,ûc,0.000000,\,,
5,ð\œ,ûc,0.000000,\,,
6,ð\œ,ûc,0.000000,\,,
7,ð\œ,ûc,0.000000,\,,
8,ð\œ,ûc,0.000000,\,,
9,ð\œ,ûc,0.000000,\,,
10,ð\œ,ûc,0.000000,\,,
11,ð\œ,ûc,0.000000,\,,
12,ð\œ,ûc,0.000000,\,,
13,ð\œ,ûc,0.000000,\,,
14,ð\œ,ûc,0.000000,\,,
15,ð\œ,ûc,0.000000,\,,
16,ð\œ,ûc,0.000000,\,,
17,ð\œ,ûc,0.000000,\,,
18,ð\œ,ûc,0.000000,\,,
19,ð\œ,ûc,0.000000,\,,
20,ð\œ,ûc,0.000000,\,,
21,ð\œ,ûc,0.000000,\,,
22,ð\œ,ûc,0.000000,\,,
23,ð\œ,ûc,0.000000,\,,
24,ð\œ,ûc,0.000000,\,,
25,ð\œ,ûc,0.000000,\,,
26,ð\œ,ûc,0.000000,\,,
27,ð\œ,ûc,0.000000,\,,
28,ð\œ,ûc,0.000000,\,,
29,ð\œ,ûc,0.000000,\,,
30,ð\œ,ûc,0.000000,\,,
31,ð\œ,ûc,0.000000,\,,
32,ð\œ,ûc,0.000000,\,,
33,ð\œ,ûc,0.000000,\,,
34,ð\œ,ûc,0.000000,\,,
35,ð\œ,ûc,0.000000,\,,
36,ð\œ,ûc,0.000000,\,,
37,ð\œ,ûc,0.000000,\,,
38,ð\œ,ûc,0.000000,\,,
39,ð\œ,ûc,0.000000,\,,
40,ð\œ,ûc,0.000000,\,,
41,ð\œ,ûc,0.000000,\,,
42,ð\œ,ûc,0.000000,\,,
43,ð\œ,ûc,0.000000,\,,
44,ð\œ,ûc,0.000000,\,,
45,ð\œ,ûc,0.000000,\,,
46,ð\œ,ûc,0.000000,\,,
47,ð\œ,ûc,0.000000,\,,
48,ð\œ,ûc,0.000000,\,,
49,ð\œ,ûc,0.000000,\,,
50,ð\œ,ûc,0.000000,\,,
51,ð\œ,ûc,0.000000,\,,
52,ð\œ,ûc,0.000000,\,,
53,ð\œ,ûc,0.000000,\,,
54,ð\œ,ûc,0.000000,\,,
55,ð\œ,ûc,0.000000,\,,
56,ð\œ,ûc,0.000000,\,,
57,ð\œ,ûc,0.000000,\,,
58,ð\œ,ûc,0.000000,\,,
59,ð\œ,ûc,0.000000,\,,
60,ð\œ,ûc,0.000000,\,,
61,ð\œ,ûc,0.000000,\,,
62,ð\œ,ûc,0.000000,\,,
63,ð\œ,ûc,0.000000,\,,
64,ð\œ,ûc,0.000000,\,,
65,ð\œ,ûc,0.000000,\,,
66,ð\œ,ûc,0.000000,\,,
67,ð\œ,ûc,0.000000,\,,
68,ð\œ,ûc,0.000000,\,,
69,ð\œ,ûc,0.000000,\,,
70,ð\œ,ûc,0.000000,\,,
71,ð\œ,ûc,0.000000,\,,
72,ð\œ,ûc,0.000000,\,,
73,ð\œ,ûc,0.000000,\,,
74,ð\œ,ûc,0.000000,\,,
75,ð\œ,ûc,0.000000,\,,
76,ð\œ,ûc,0.000000,\,,
77,ð\œ,ûc,0.000000,\,,
78,ð\œ,ûc,0.000000,\,,
79,ð\œ,ûc,0.000000,\,,
80,ð\œ,ûc,0.000000,\,,
81,ð\œ,ûc,0.000000,\,,
82,ð\œ,ûc,0.000000,\,,
83,ð\œ,ûc,0.000000,\,,
84,ð\œ,ûc,0.000000,\,,
85,ð\œ,ûc,0.000000,\,,
86,ð\œ,ûc,0.000000,\,,
87,ð\œ,ûc,0.000000,\,,
88,ð\œ,ûc,0.000000,\,,
89,ð\œ,ûc,0.000000,\,,
90,ð\œ,ûc,0.000000,\,,
91,ð\œ,ûc,0.000000,\,,
92,ð\œ,ûc,0.000000,\,,
93,ð\œ,ûc,0.000000,\,,
94,ð\œ,ûc,0.000000,\,,
95,ð\œ,ûc,0.000000,\,,
96,ð\œ,ûc,0.000000,\,,
97,ð\œ,ûc,0.000000,\,,
98,ð\œ,ûc,0.000000,\,,
99,ð\œ,ûc,0.000000,\,,
100,ð\œ,ûc,0.000000,\,,
101,ð\œ,ûc,0.000000,\,,
102,ð\œ,ûc,0.000000,\,,
103,ð\œ,ûc,0.000000,\,,
104,ð\œ,ûc,0.000000,\,,
105,ð\œ,ûc,0.000000,\,,
106,ð\œ,ûc,0.000000,\,,
107,ð\œ,ûc,0.000000,\,,
108,ð\œ,ûc,0.000000,\,,
109,ð\œ,ûc,0.000000,\,,
110,ð\œ,ûc,0.000000,\,,
111,ð\œ,ûc,0.000000,\,,
112,ð\œ,ûc,0.000000,\,,
113,ð\œ,ûc,0.000000,\,,
114,ð\œ,ûc,0.000000,\,,
115,ð\œ,ûc,0.000000,\,,
116,ð\œ,ûc,0.000000,\,,
117,ð\œ,ûc,0.000000,\,,
118,ð\œ,ûc,0.000000,\,,
119,ð\œ,ûc,0.000000,\,,
120,ð\œ,ûc,0.000000,\,,
121,ð\œ,ûc,0.000000,\,,
122,ð\œ,ûc,0.000000,\,,
123,ð\œ,ûc,0.000000,\,,
124,ð\œ,ûc,0.000000,\,,
125,ð\œ,ûc,0.000000,\,,
126,ð\œ,ûc,0.000000,\,,
127,ð\œ,ûc,0.000000,\,,
128,ð\œ,ûc,0.000000,\,,
129,ð\œ,ûc,0.000000,\,,
130,ð\œ,ûc,0.000000,\,,
131,ð\œ,ûc,0.000000,\,,
132,ð\œ,ûc,0.000000,\,,
133,ð\œ,ûc,0.000000,\,,
134,ð\œ,ûc,0.000000,\,,
135,ð\œ,ûc,0.000000,\,,
136,ð\œ,ûc,0.000000,\,,
137,ð\œ,ûc,0.000000,\,,
138,ð\œ,ûc,0.000000,\,,
139,ð\œ,ûc,0.000000,\,,
140,ð\œ,ûc,0.000000,\,,
141,ð\œ,ûc,0.000000,\,,
142,ð\œ,ûc,0.000000,\,,
143,ð\œ,ûc,0.000000,\,,
144,ð\œ,ûc,0.000000,\,,
145,ð\œ,ûc,0.000000,\,,
146,ð\œ,ûc,0.000000,\,,
147,ð\œ,ûc,0.000000,\,,
148,ð\œ,ûc,0.000000,\,,
149,ð\œ,ûc,0.000000,\,,
150,ð\œ,ûc,0.000000,\,,
151,ð\œ,ûc,0.000000,\,,
152,ð\œ,ûc,0.000000,\,,
153,ð\œ,ûc,0.000000,\,,
154,ð\œ,ûc,0.000000,\,,
155,ð\œ,ûc,0.000000,\,,
156,ð\œ,ûc,0.000000,\,,
157,ð\œ,ûc,0.000000,\,,
158,ð\œ,ûc,0.000000,\,,
159,ð\œ,ûc,0.000000,\,,
160,ð\œ,ûc,0.000000,\,,
161,ð\œ,ûc,0.000000,\,,
162,ð\œ,ûc,0.000000,\,,
163,ð\œ,ûc,0.000000,\,,
164,ð\œ,ûc,0.000000,\,,
165,ð\œ,ûc,0.000000,\,,
166,ð\œ,ûc,0.000000,\,,
167,ð\œ,ûc,0.000000,\,,
168,ð\œ,ûc,0.000000,\,,
169,ð\œ,ûc,0.000000,\,,
170,ð\œ,ûc,0.000000,\,,
171,ð\œ,ûc,0.000000,\,,
172,ð\œ,ûc,0.000000,\,,
173,ð\œ,ûc,0.000000,\,,
174,ð\œ,ûc,0.000000,\,,
175,ð\œ,ûc,0.000000,\,,
176,ð\œ,ûc,0.000000,\,,
177,ð\œ,ûc,0.000000,\,,
178,ð\œ,ûc,0.000000,\,,
179,ð\œ,ûc,0.000000,\,,
180,ð\œ,ûc,0.000000,\,,
181,ð\œ,ûc,0.000000,\,,
182,ð\œ,ûc,0.000000,\,,
183,ð\œ,ûc,0.000000,\,,
184,ð\œ,ûc,0.000000,\,,
185,ð\œ,ûc,0.000000,\,,
186,ð\œ,ûc,0.000000,\,,
187,ð\œ,ûc,0.000000,\,,
188,ð\œ,ûc,0.000000,\,,
189,ð\œ,ûc,0.000000,\,,
190,ð\œ,ûc,0.000000,\,,
191,ð\œ,ûc,0.000000,\,,
192,ð\œ,ûc,0.000000,\,,
193,ð\œ,ûc,0.000000,\,,
194,ð\œ,ûc,0.000000,\,,
195,ð\œ,ûc,0.000000,\,,
196,ð\œ,ûc,0.000000,\,,
197,ð\œ,ûc,0.000000,\,,
198,ð\œ,ûc,0.000000,\,,
199,ð\œ,ûc,0.000000,\,,
200,ð\œ,ûc,0.000000,\,,
201,ð\œ,ûc,0.000000,\,,
202,ð\œ,ûc,0.000000,\,,
203,ð\œ,ûc,0.000000,\,,
204,ð\œ,ûc,0.000000,\,,
205,ð\œ,ûc,0.000000,\,,
206,ð\œ,ûc,0.000000,\,,
207,ð\œ,ûc,0.000000,\,,
208,ð\œ,ûc,0.000000,\,,
209,ð\œ,ûc,0.000000,\,,
210,ð\œ,ûc,0.000000,\,,
211,ð\œ,ûc,0.000000,\,,
212,ð\œ,ûc,0.000000,\,,
213,ð\œ,ûc,0.000000,\,,
214,ð\œ,ûc,0.000000,\,,
215,ð\œ,ûc,0.000000,\,,
216,ð\œ,ûc,0.000000,\,,
217,ð\œ,ûc,0.000000,\,,
218,ð\œ,ûc,0.000000,\,,
219,ð\œ,ûc,0.000000,\,,
220,ð\œ,ûc,0.000000,\,,
221,ð\œ,ûc,0.000000,\,,
222,ð\œ,ûc,0.000000,\,,
223,ð\œ,ûc,0.000000,\,,
224,ð\œ,ûc,0.000000,\,,
225,ð\œ,ûc,0.000000,\,,
226,ð\œ,ûc,0.000000,\,,
227,ð\œ,ûc,0.000000,\,,
228,ð\œ,ûc,0.000000,\,,
229,ð\œ,ûc,0.000000,\,,
230,ð\œ,ûc,0.000000,\,,
231,ð\œ,ûc,0.000000,\,,
232,ð\œ,ûc,0.000000,\,,
233,ð\œ,ûc,0.000000,\,,
234,ð\œ,ûc,0.000000,\,,
235,ð\œ,ûc,0.000000,\,,
236,ð\œ,ûc,0.000000,\,,
237,ð\œ,ûc,0.000000,\,,
238,ð\œ,ûc,0.000000,\,,
239,ð\œ,ûc,0.000000,\,,
240,ð\œ,ûc,0.000000,\,,
241,ð\œ,ûc,0.000000,\,,
242,ð\œ,ûc,0.000000,\,,
243,ð\œ,ûc,0.000000,\,,
244,ð\œ,ûc,0.000000,\,,
245,ð\œ,ûc,0.000000,\,,
246,ð\œ,ûc,0.000000,\,,
247,ð\œ,ûc,0.000000,\,,
248,ð\œ,ûc,0.000000,\,,
249,ð\œ,ûc,0.000000,\,,
250,ð\œ,ûc,0.000000,\,,
251,ð\œ,ûc,0.000000,\,,
252,ð\œ,ûc,0.000000,\,,
253,ð\œ,ûc,0.000000,\,,
254,ð\œ,ûc,0.000000,\,,
255,ð\œ,ûc,0.000000,\,,
256,ð\œ,ûc,0.000000,\,,
257,ð\œ,ûc,0.000000,\,,
258,ð\œ,ûc,0.000000,\,,
259,ð\œ,ûc,0.000000,\,,
260,ð\œ,ûc,0.000000,\,,
261,ð\œ,ûc,0.000000,\,,
262,ð\œ,ûc,0.000000,\,,
263,ð\œ,ûc,0.000000,\,,
264,ð\œ,ûc,0.000000,\,,
265,ð\œ,ûc,0.000000,\,,
266,ð\œ,ûc,0.000000,\,,
267,ð\œ,ûc,0.000000,\,,
268,ð\œ,ûc,0.000000,\,,
269,ð\œ,ûc,0.000000,\,,
270,ð\œ,ûc,0.000000,\,,
271,ð\œ,ûc,0.000000,\,,
272,ð\œ,ûc,0.000000,\,,
273,ð\œ,ûc,0.000000,\,,
274,ð\œ,ûc,0.000000,\,,
275,ð\œ,ûc,0.000000,\,,
276,ð\œ,ûc,0.000000,\,,
277,ð\œ,ûc,0.000000,\,,
278,ð\œ,ûc,0.000000,\,,
279,ð\œ,ûc,0.000000,\,,
280,ð\œ,ûc,0.000000,\,,
281,ð\œ,ûc,0.000000,\,,
282,ð\œ,ûc,0.000000,\,,
283,ð\œ,ûc,0.000000,\,,
284,ð\œ,ûc,0.000000,\,,
285,ð\œ,ûc,0.000000,\,,
286,ð\œ,ûc,0.000000,\,,
287,ð\œ,ûc,0.000000,\,,
288,ð\œ,ûc,0.000000,\,,
289,ð\œ,ûc,0.000000,\,,
290,ð\œ,ûc,0.000000,\,,
291,ð\œ,ûc,0.000000,\,,
292,ð\œ,ûc,0.000000,\,,
293,ð\œ,ûc,0.000000,\,,
294,ð\œ,ûc,0.000000,\,,
295,ð\œ,ûc,0.000000,\,,
296,ð\œ,ûc,0.000000,\,,
297,ð\œ,ûc,0.000000,\,,
298,ð\œ,ûc,0.000000,\,,
299,ð\œ,ûc,0.000000,\,,
300,ð\œ,ûc,0.000000,\,,
301,ð\œ,ûc,0.000000,\,,
302,ð\œ,ûc,0.000000,\,,
303,ð\œ,ûc,0.000000,\,,
304,ð\œ,ûc,0.000000,\,,
305,ð\œ,ûc,0.000000,\,,
306,ð\œ,ûc,0.000000,\,,
307,ð\œ,ûc,0.000000,\,,
308,ð\œ,ûc,0.000000,\,,
309,ð\œ,ûc,0.000000,\,,
310,ð\œ,ûc,0.000000,\,,
311,ð\œ,ûc,0.000000,\,,
312,ð\œ,ûc,0.000000,\,,
313,ð\œ,ûc,0.000000,\,,
314,ð\œ,ûc,0.000000,\,,
315,ð\œ,ûc,0.000000,\,,
316,ð\œ,ûc,0.000000,\,,
317,ð\œ,ûc,0.000000,\,,
318,ð\œ,ûc,0.000000,\,,
319,ð\œ,ûc,0.000000,\,,
320,ð\œ,ûc,0.000000,\,,
321,ð\œ,ûc,0.000000,\,,
322,ð\œ,ûc,0.000000,\,,
323,ð\œ,ûc,0.000000,\,,
324,ð\œ,ûc,0.000000,\,,
325,ð\œ,ûc,0.000000,\,,
326,ð\œ,ûc,0.000000,\,,
327,ð\œ,ûc,0.000000,\,,
328,ð\œ,ûc,0.000000,\,,
329,ð\œ,ûc,0.000000,\,,
330,ð\œ,ûc,0.000000,\,,
331,ð\œ,ûc,0.000000,\,,
332,ð\œ,ûc,0.000000,\,,
333,ð\œ,ûc,0.000000,\,,
334,ð\œ,ûc,0.000000,\,,
335,ð\œ,ûc,0.000000,\,,
336,ð\œ,ûc,0.000000,\,,
337,ð\œ,ûc,0.000000,\,,
338,ð\œ,ûc,0.000000,\,,
339,ð\œ,ûc,0.000000,\,,
340,ð\œ,ûc,0.000000,\,,
341,ð\œ,ûc,0.000000,\,,
342,ð\œ,ûc,0.000000,\,,
343,ð\œ,ûc,0.000000,\,,
344,ð\œ,ûc,0.000000,\,,
345,ð\œ,ûc,0.000000,\,,
346,ð\œ,ûc,0.000000,\,,
347,ð\œ,ûc,0.000000,\,,
348,ð\œ,ûc,0.000000,\,,
349,ð\œ,ûc,0.000000,\,,
350,ð\œ,ûc,0.000000,\,,
351,ð\œ,ûc,0.000000,\,,
352,ð\œ,ûc,0.000000,\,,
353,ð\œ,ûc,0.000000,\,,
354,ð\œ,ûc,0.000000,\,,
355,ð\œ,ûc,0.000000,\,,
356,ð\œ,ûc,0.000000,\,,
357,ð\œ,ûc,0.000000,\,,
358,ð\œ,ûc,0.000000,\,,
359,ð\œ,ûc,0.000000,\,,
360,ð\œ,ûc,0.000000,\,,
361,ð\œ,ûc,0.000000,\,,
362,ð\œ,ûc,0.000000,\,,
363,ð\œ,ûc,0.000000,\,,
364,ð\œ,ûc,0.000000,\,,
365,ð\œ,ûc,0.000000,\,,
366,ð\œ,ûc,0.000000,\,,
367,ð\œ,ûc,0.000000,\,,
368,ð\œ,ûc,0.000000,\,,
369,ð\œ,ûc,0.000000,\,,
370,ð\œ,ûc,0.000000,\,,
371,ð\œ,ûc,0.000000,\,,
372,ð\œ,ûc,0.000000,\,,
373,ð\œ,ûc,0.000000,\,,
374,ð\œ,ûc,0.000000,\,,
375,ð\œ,ûc,0.000000,\,,
376,ð\œ,ûc,0.000000,\,,
377,ð\œ,ûc,0.000000,\,,
378,ð\œ,ûc,0.000000,\,,
379,ð\œ,ûc,0.000000,\,,
380,ð\œ,ûc,0.000000,\,,
381,ð\œ,ûc,0.000000,\,,
382,ð\œ,ûc,0.000000,\,,
383,ð\œ,ûc,0.000000,\,,
384,ð\œ,ûc,0.000000,\,,
385,ð\œ,ûc,0.000000,\,,
386,ð\œ,ûc,0.000000,\,,
387,ð\œ,ûc,0.000000,\,,
388,ð\œ,ûc,0.000000,\,,
389,ð\œ,ûc,0.000000,\,,
390,ð\œ,ûc,0.000000,\,,
391,ð\œ,ûc,0.000000,\,,
392,ð\œ,ûc,0.000000,\,,
393,ð\œ,ûc,0.000000,\,,
394,ð\œ,ûc,0.000000,\,,
395,ð\œ,ûc,0.000000,\,,
396,ð\œ,ûc,0.000000,\,,
397,ð\œ,ûc,0.000000,\,,
398,ð\œ,ûc,0.000000,\,,
399,ð\œ,ûc,0.000000,\,,
400,ð\œ,ûc,0.000000,\,,
401,ð\œ,ûc,0.000000,\,,
402,ð\œ,ûc,0.000000,\,,
403,ð\œ,ûc,0.000000,\,,
404,ð\œ,ûc,0.000000,\,,
405,ð\œ,ûc,0.000000,\,,
406,ð\œ,ûc,0.000000,\,,
407,ð\œ,ûc,0.000000,\,,
408,ð\œ,ûc,0.000000,\,,
409,ð\œ,ûc,0.000000,\,,
410,ð\œ,ûc,0.000000,\,,
411,ð\œ,ûc,0.000000,\,,
412,ð\œ,ûc,0.000000,\,,
413,ð\œ,ûc,0.000000,\,,
414,ð\œ,ûc,0.000000,\,,
415,ð\œ,ûc,0.000000,\,,
416,ð\œ,ûc,0.000000,\,,
417,ð\œ,ûc,0.000000,\,,
418,ð\œ,ûc,0.000000,\,,
419,ð\œ,ûc,0.000000,\,,
420,ð\œ,ûc,0.000000,\,,
421,ð\œ,ûc,0.000000,\,,
422,ð\œ,ûc,0.000000,\,,
423,ð\œ,ûc,0.000000,\,,
424,ð\œ,ûc,0.000000,\,,
425,ð\œ,ûc,0.000000,\,,
426,ð\œ,ûc,0.000000,\,,
427,ð\œ,ûc,0.000000,\,,
428,ð\œ,ûc,0.000000,\,,
429,ð\œ,ûc,0.000000,\,,
430,ð\œ,ûc,0.000000,\,,
431,ð\œ,ûc,0.000000,\,,
432,ð\œ,ûc,0.000000,\,,
433,ð\œ,ûc,0.000000,\,,
434,ð\œ,ûc,0.000000,\,,
435,ð\œ,ûc,0.000000,\,,
436,ð\œ,ûc,0.000000,\,,
437,ð\œ,ûc,0.000000,\,,
438,ð\œ,ûc,0.000000,\,,
439,ð\œ,ûc,0.000000,\,,
440,ð\œ,ûc,0.000000,\,,
441,ð\œ,ûc,0.000000,\,,
442,ð\œ,ûc,0.000000,\,,
443,ð\œ,ûc,0.000000,\,,
444,ð\œ,ûc,0.000000,\,,
445,ð\œ,ûc,0.000000,\,,
446,ð\œ,ûc,0.000000,\,,
447,ð\œ,ûc,0.000000,\,,
448,ð\œ,ûc,0.000000,\,,
449,ð\œ,ûc,0.000000,\,,
450,ð\œ,ûc,0.000000,\,,
451,ð\œ,ûc,0.000000,\,,
452,ð\œ,ûc,0.000000,\,,
453,ð\œ,ûc,0.000000,\,,
454,ð\œ,ûc,0.000000,\,,
455,ð\œ,ûc,0.000000,\,,
456,ð\œ,ûc,0.000000,\,,
457,ð\œ,ûc,0.000000,\,,
458,ð\œ,ûc,0.000000,\,,
459,ð\œ,ûc,0.000000,\,,
460,ð\œ,ûc,0.000000,\,,
461,ð\œ,ûc,0.000000,\,,
462,ð\œ,ûc,0.000000,\,,
463,ð\œ,ûc,0.000000,\,,
464,ð\œ,ûc,0.000000,\,,
465,ð\œ,ûc,0.000000,\,,
466,ð\œ,ûc,0.000000,\,,
467,ð\œ,ûc,0.000000,\,,
468,ð\œ,ûc,0.000000,\,,
469,ð\œ,ûc,0.000000,\,,
470,ð\œ,ûc,0.000000,\,,
471,ð\œ,ûc,0.000000,\,,
472,ð\œ,ûc,0.000000,\,,
473,ð\œ,ûc,0.000000,\,,
474,ð\œ,ûc,0.000000,\,,
475,ð\œ,ûc,0.000000,\,,
476,ð\œ,ûc,0.000000,\,,
477,ð\œ,ûc,0.000000,\,,
478,ð\œ,ûc,0.000000,\,,
479,ð\œ,ûc,0.000000,\,,
480,ð\œ,ûc,0.000000,\,,
481,ð\œ,ûc,0.000000,\,,
482,ð\œ,ûc,0.000000,\,,
483,ð\œ,ûc,0.000000,\,,
484,ð\œ,ûc,0.000000,\,,
485,ð\œ,ûc,0.000000,\,,
486,ð\œ,ûc,0.000000,\,,
487,ð\œ,ûc,0.000000,\,,
488,ð\œ,ûc,0.000000,\,,
489,ð\œ,ûc,0.000000,\,,
490,ð\œ,ûc,0.000000,\,,
491,ð\œ,ûc,0.000000,\,,
492,ð\œ,ûc,0.000000,\,,
493,ð\œ,ûc,0.000000,\,,
494,ð\œ,ûc,0.000000,\,,
495,ð\œ,ûc,0.000000,\,,
496,ð\œ,ûc,0.000000,\,,
497,ð\œ,ûc,0.000000,\,,
498,ð\œ,ûc,0.000000,\,,
499,ð\œ,ûc,0.000000,\,,
500,ð\œ,ûc,0.000000,\,,
501,ð\œ,ûc,0.000000,\,,
502,ð\œ,ûc,0.000000,\,,
503,ð\œ,ûc,0.000000,\,,
504,ð\œ,ûc,0.000000,\,,
505,ð\œ,ûc,0.000000,\,,
506,ð\œ,ûc,0.000000,\,,
507,ð\œ,ûc,0.000000,\,,
508,ð\œ,ûc,0.000000,\,,
509,ð\œ,ûc,0.000000,\,,
510,ð\œ,ûc,0.000000,\,,
511,ð\œ,ûc,0.000000,\,,
512,ð\œ,ûc,0.000000,\,,
513,ð\œ,ûc,0.000000,\,,
514,ð\œ,ûc,0.000000,\,,
515,ð\œ,ûc,0.000000,\,,
516,ð\œ,ûc,0.000000,\,,
517,ð\œ,ûc,0.000000,\,,
518,ð\œ,ûc,0.000000,\,,
519,ð\œ,ûc,0.000000,\,,
520,ð\œ,ûc,0.000000,\,,
521,ð\œ,ûc,0.000000,\,,
522,ð\œ,ûc,0.000000,\,,
523,ð\œ,ûc,0.000000,\,,
524,ð\œ,ûc,0.000000,\,,
525,ð\œ,ûc,0.000000,\,,
526,ð\œ,ûc,0.000000,\,,
527,ð\œ,ûc,0.000000,\,,
528,ð\œ,ûc,0.000000,\,,
529,ð\œ,ûc,0.000000,\,,
530,ð\œ,ûc,0.000000,\,,
531,ð\œ,ûc,0.000000,\,,
532,ð\œ,ûc,0.000000,\,,
533,ð\œ,ûc,0.000000,\,,
534,ð\œ,ûc,0.000000,\,,
535,ð\œ,ûc,0.000000,\,,
536,ð\œ,ûc,0.000000,\,,
537,ð\œ,ûc,0.000000,\,,
538,ð\œ,ûc,0.000000,\,,
539,ð\œ,ûc,0.000000,\,,
540,ð\œ,ûc,0.000000,\,,
541,ð\œ,ûc,0.000000,\,,
542,ð\œ,ûc,0.000000,\,,
543,ð\œ,ûc,0.000000,\,,
544,ð\œ,ûc,0.000000,\,,
545,ð\œ,ûc,0.000000,\,,
546,ð\œ,ûc,0.000000,\,,
547,ð\œ,ûc,0.000000,\,,
548,ð\œ,ûc,0.000000,\,,
549,ð\œ,ûc,0.000000,\,,
550,ð\œ,ûc,0.000000,\,,
551,ð\œ,ûc,0.000000,\,,
552,ð\œ,ûc,0.000000,\,,
553,ð\œ,ûc,0.000000,\,,
554,ð\œ,ûc,0.000000,\,,
555,ð\œ,ûc,0.000000,\,,
556,ð\œ,ûc,0.000000,\,,
557,ð\œ,ûc,0.000000,\,,
558,ð\œ,ûc,0.000000,\,,
559,ð\œ,ûc,0.000000,\,,
560,ð\œ,ûc,0.000000,\,,
561,ð\œ,ûc,0.000000,\,,
562,ð\œ,ûc,0.000000,\,,
563,ð\œ,ûc,0.000000,\,,
564,ð\œ,ûc,0.000000,\,,
565,ð\œ,ûc,0.000000,\,,
566,ð\œ,ûc,0.000000,\,,
567,ð\œ,ûc,0.000000,\,,
568,ð\œ,ûc,0.000000,\,,
569,ð\œ,ûc,0.000000,\,,
570,ð\œ,ûc,0.000000,\,,
571,ð\œ,ûc,0.000000,\,,
572,ð\œ,ûc,0.000000,\,,
573,ð\œ,ûc,0.000000,\,,
574,ð\œ,ûc,0.000000,\,,
575,ð\œ,ûc,0.000000,\,,
576,ð\œ,ûc,0.000000,\,,
577,ð\œ,ûc,0.000000,\,,
578,ð\œ,ûc,0.000000,\,,
579,ð\œ,ûc,0.000000,\,,
580,ð\œ,ûc,0.000000,\,,
581,ð\œ,ûc,0.000000,\,,
582,ð\œ,ûc,0.000000,\,,
583,ð\œ,ûc,0.000000,\,,
584,ð\œ,ûc,0.000000,\,,
585,ð\œ,ûc,0.000000,\,,
586,ð\œ,ûc,0.000000,\,,
587,ð\œ,ûc,0.000000,\,,
588,ð\œ,ûc,0.000000,\,,
589,ð\œ,ûc,0.000000,\,,
590,ð\œ,ûc,0.000000,\,,
591,ð\œ,ûc,0.000000,\,,
592,ð\œ,ûc,0.000000,\,,
593,ð\œ,ûc,0.000000,\,,
594,ð\œ,ûc,0.000000,\,,
595,ð\œ,ûc,0.000000,\,,
596,ð\œ,ûc,0.000000,\,,
597,ð\œ,ûc,0.000000,\,,
598,ð\œ,ûc,0.000000,\,,
599,ð\œ,ûc,0.000000,\,,
600,ð\œ,ûc,0.000000,\,,
601,ð\œ,ûc,0.000000,\,,
602,ð\œ,ûc,0.000000,\,,
603,ð\œ,ûc,0.000000,\,,
604,ð\œ,ûc,0.000000,\,,
605,ð\œ,ûc,0.000000,\,,
606,ð\œ,ûc,0.000000,\,,
607,ð\œ,ûc,0.000000,\,,
608,ð\œ,ûc,0.000000,\,,
609,ð\œ,ûc,0.000000,\,,
610,ð\œ,ûc,0.000000,\,,
611,ð\œ,ûc,0.000000,\,,
612,ð\œ,ûc,0.000000,\,,
613,ð\œ,ûc,0.000000,\,,
614,ð\œ,ûc,0.000000,\,,
615,ð\œ,ûc,0.000000,\,,
616,ð\œ,ûc,0.000000,\,,
617,ð\œ,ûc,0.000000,\,,
618,ð\œ,ûc,0.000000,\,,
619,ð\œ,ûc,0.000000,\,,
620,ð\œ,ûc,0.000000,\,,
621,ð\œ,ûc,0.000000,\,,
622,ð\œ,ûc,0.000000,\,,
623,ð\œ,ûc,0.000000,\,,
624,ð\œ,ûc,0.000000,\,,
625,ð\œ,ûc,0.000000,\,,
626,ð\œ,ûc,0.000000,\,,
627,ð\œ,ûc,0.000000,\,,
628,ð\œ,ûc,0.000000,\,,
629,ð\œ,ûc,0.000000,\,,
630,ð\œ,ûc,0.000000,\,,
631,ð\œ,ûc,0.000000,\,,
632,ð\œ,ûc,0.000000,\,,
633,ð\œ,ûc,0.000000,\,,
634,ð\œ,ûc,0.000000,\,,
635,ð\œ,ûc,0.000000,\,,
636,ð\œ,ûc,0.000000,\,,
637,ð\œ,ûc,0.000000,\,,
638,ð\œ,ûc,0.000000,\,,
639,ð\œ,ûc,0.000000,\,,
640,ð\œ,ûc,0.000000,\,,
641,ð\œ,ûc,0.000000,\,,
642,ð\œ,ûc,0.000000,\,,
643,ð\œ,ûc,0.000000,\,,
644,ð\œ,ûc,0.000000,\,,
645,ð\œ,ûc,0.000000,\,,
646,ð\œ,ûc,0.000000,\,,
647,ð\œ,ûc,0.000000,\,,
648,ð\œ,ûc,0.000000,\,,
649,ð\œ,ûc,0.000000,\,,
650,ð\œ,ûc,0.000000,\,,
651,ð\œ,ûc,0.000000,\,,
652,ð\œ,ûc,0.000000,\,,
653,ð\œ,ûc,0.000000,\,,
654,ð\œ,ûc,0.000000,\,,
655,ð\œ,ûc,0.000000,\,,
656,ð\œ,ûc,0.000000,\,,
657,ð\œ,ûc,0.000000,\,,
658,ð\œ,ûc,0.000000,\,,
659,ð\œ,ûc,0.000000,\,,
660,ð\œ,ûc,0.000000,\,,
661,ð\œ,ûc,0.000000,\,,
662,ð\œ,ûc,0.000000,\,,
663,ð\œ,ûc,0.000000,\,,
664,ð\œ,ûc,0.000000,\,,
665,ð\œ,ûc,0.000000,\,,
666,ð\œ,ûc,0.000000,\,,
667,ð\œ,ûc,0.000000,\,,
668,ð\œ,ûc,0.000000,\,,
669,ð\œ,ûc,0.000000,\,,
670,ð\œ,ûc,0.000000,\,,
671,ð\œ,ûc,0.000000,\,,
672,ð\œ,ûc,0.000000,\,,
673,ð\œ,ûc,0.000000,\,,
674,ð\œ,ûc,0.000000,\,,
675,ð\œ,ûc,0.000000,\,,
676,ð\œ,ûc,0.000000,\,,
677,ð\œ,ûc,0.000000,\,,
678,ð\œ,ûc,0.000000,\,,
679,ð\œ,ûc,0.000000,\,,
680,ð\œ,ûc,0.000000,\,,
681,ð\œ,ûc,0.000000,\,,
682,ð\œ,ûc,0.000000,\,,
683,ð\œ,ûc,0.000000,\,,
684,ð\œ,ûc,0.000000,\,,
685,ð\œ,ûc,0.000000,\,,
686,ð\œ,ûc,0.000000,\,,
687,ð\œ,ûc,0.000000,\,,
688,ð\œ,ûc,0.000000,\,,
689,ð\œ,ûc,0.000000,\,,
690,ð\œ,ûc,0.000000,\,,
691,ð\œ,ûc,0.000000,\,,
692,ð\œ,ûc,0.000000,\,,
693,ð\œ,ûc,0.000000,\,,
694,ð\œ,ûc,0.000000,\,,
695,ð\œ,ûc,0.000000,\,,
696,ð\œ,ûc,0.000000,\,,
697,ð\œ,ûc,0.000000,\,,
698,ð\œ,ûc,0.000000,\,,
699,ð\œ,ûc,0.000000,\,,
700,ð\œ,ûc,0.000000,\,,
701,ð\œ,ûc,0.000000,\,,
702,ð\œ,ûc,0.000000,\,,
703,ð\œ,ûc,0.000000,\,,
704,ð\œ,ûc,0.000000,\,,
705,ð\œ,ûc,0.000000,\,,
706,ð\œ,ûc,0.000000,\,,
707,ð\œ,ûc,0.000000,\,,
708,ð\œ,ûc,0.000000,\,,
709,ð\œ,ûc,0.000000,\,,
710,ð\œ,ûc,0.000000,\,,
711,ð\œ,ûc,0.000000,\,,
712,ð\œ,ûc,0.000000,\,,
713,ð\œ,ûc,0.000000,\,,
714,ð\œ,ûc,0.000000,\,,
715,ð\œ,ûc,0.000000,\,,
716,ð\œ,ûc,0.000000,\,,
717,ð\œ,ûc,0.000000,\,,
718,ð\œ,ûc,0.000000,\,,
719,ð\œ,ûc,0.000000,\,,
720,ð\œ,ûc,0.000000,\,,
721,ð\œ,ûc,0.000000,\,,
722,ð\œ,ûc,0.000000,\,,
723,ð\œ,ûc,0.000000,\,,
724,ð\œ,ûc,0.000000,\,,
725,ð\œ,ûc,0.000000,\,,
726,ð\œ,ûc,0.000000,\,,
727,ð\œ,ûc,0.000000,\,,
728,ð\œ,ûc,0.000000,\,,
729,ð\œ,ûc,0.000000,\,,
730,ð\œ,ûc,0.000000,\,,
731,ð\œ,ûc,0.000000,\,,
732,ð\œ,ûc,0.000000,\,,
733,ð\œ,ûc,0.000000,\,,
734,ð\œ,ûc,0.000000,\,,
735,ð\œ,ûc,0.000000,\,,
736,ð\œ,ûc,0.000000,\,,
737,ð\œ,ûc,0.000000,\,,
738,ð\œ,ûc,0.000000,\,,
739,ð\œ,ûc,0.000000,\,,
740,ð\œ,ûc,0.000000,\,,
741,ð\œ,ûc,0.000000,\,,
742,ð\œ,ûc,0.000000,\,,
743,ð\œ,ûc,0.000000,\,,
744,ð\œ,ûc,0.000000,\,,
745,ð\œ,ûc,0.000000,\,,
746,ð\œ,ûc,0.000000,\,,
747,ð\œ,ûc,0.000000,\,,
748,ð\œ,ûc,0.000000,\,,
749,ð\œ,ûc,0.000000,\,,
750,ð\œ,ûc,0.000000,\,,
751,ð\œ,ûc,0.000000,\,,
752,ð\œ,ûc,0.000000,\,,
753,ð\œ,ûc,0.000000,\,,
754,ð\œ,ûc,0.000000,\,,
755,ð\œ,ûc,0.000000,\,,
756,ð\œ,ûc,0.000000,\,,
757,ð\œ,ûc,0.000000,\,,
758,ð\œ,ûc,0.000000,\,,
759,ð\œ,ûc,0.000000,\,,
760,ð\œ,ûc,0.000000,\,,
761,ð\œ,ûc,0.000000,\,,
762,ð\œ,ûc,0.000000,\,,
763,ð\œ,ûc,0.000000,\,,
764,ð\œ,ûc,0.000000,\,,
765,ð\œ,ûc,0.000000,\,,
766,ð\œ,ûc,0.000000,\,,
767,ð\œ,ûc,0.000000,\,,
768,ð\œ,ûc,0.000000,\,,
769,ð\œ,ûc,0.000000,\,,
770,ð\œ,ûc,0.000000,\,,
771,ð\œ,ûc,0.000000,\,,
772,ð\œ,ûc,0.000000,\,,
773,ð\œ,ûc,0.000000,\,,
774,ð\œ,ûc,0.000000,\,,
775,ð\œ,ûc,0.000000,\,,
776,ð\œ,ûc,0.000000,\,,
777,ð\œ,ûc,0.000000,\,,
778,ð\œ,ûc,0.000000,\,,
779,ð\œ,ûc,0.000000,\,,
780,ð\œ,ûc,0.000000,\,,
781,ð\œ,ûc,0.000000,\,,
782,ð\œ,ûc,0.000000,\,,
783,ð\œ,ûc,0.000000,\,,
784,ð\œ,ûc,0.000000,\,,
785,ð\œ,ûc,0.000000,\,,
786,ð\œ,ûc,0.000000,\,,
787,ð\œ,ûc,0.000000,\,,
788,ð\œ,ûc,0.000000,\,,
789,ð\œ,ûc,0.000000,\,,
790,ð\œ,ûc,0.000000,\,,
791,ð\œ,ûc,0.000000,\,,
792,ð\œ,ûc,0.000000,\,,
793,ð\œ,ûc,0.000000,\,,
794,ð\œ,ûc,0.000000,\,,
795,ð\œ,ûc,0.000000,\,,
796,ð\œ,ûc,0.000000,\,,
797,ð\œ,ûc,0.000000,\,,
798,ð\œ,ûc,0.000000,\,,
799,ð\œ,ûc,0.000000,\,,
800,ð\œ,ûc,0.000000,\,,
801,ð\œ,ûc,0.000000,\,,
802,ð\œ,ûc,0.000000,\,,
803,ð\œ,ûc,0.000000,\,,
804,ð\œ,ûc,0.000000,\,,
805,ð\œ,ûc,0.000000,\,,
806,ð\œ,ûc,0.000000,\,,
807,ð\œ,ûc,0.000000,\,,
808,ð\œ,ûc,0.000000,\,,
809,ð\œ,ûc,0.000000,\,,
810,ð\œ,ûc,0.000000,\,,
811,ð\œ,ûc,0.000000,\,,
812,ð\œ,ûc,0.000000,\,,
813,ð\œ,ûc,0.000000,\,,
814,ð\œ,ûc,0.000000,\,,
815,ð\œ,ûc,0.000000,\,,
816,ð\œ,ûc,0.000000,\,,
817,ð\œ,ûc,0.000000,\,,
818,ð\œ,ûc,0.000000,\,,
819,ð\œ,ûc,0.000000,\,,
820,ð\œ,ûc,0.000000,\,,
821,ð\œ,ûc,0.000000,\,,
822,ð\œ,ûc,0.000000,\,,
823,ð\œ,ûc,0.000000,\,,
824,ð\œ,ûc,0.000000,\,,
825,ð\œ,ûc,0.000000,\,,
826,ð\œ,ûc,0.000000,\,,
827,ð\œ,ûc,0.000000,\,,
828,ð\œ,ûc,0.000000,\,,
829,ð\œ,ûc,0.000000,\,,
830,ð\œ,ûc,0.000000,\,,
831,ð\œ,ûc,0.000000,\,,
832,ð\œ,ûc,0.000000,\,,
833,ð\œ,ûc,0.000000,\,,
834,ð\œ,ûc,0.000000,\,,
835,ð\œ,ûc,0.000000,\,,
836,ð\œ,ûc,0.000000,\,,
837,ð\œ,ûc,0.000000,\,,
838,ð\œ,ûc,0.000000,\,,
839,ð\œ,ûc,0.000000,\,,
840,ð\œ,ûc,0.000000,\,,
841,ð\œ,ûc,0.000000,\,,
842,ð\œ,ûc,0.000000,\,,
843,ð\œ,ûc,0.000000,\,,
844,ð\œ,ûc,0.000000,\,,
845,ð\œ,ûc,0.000000,\,,
846,ð\œ,ûc,0.000000,\,,
847,ð\œ,ûc,0.000000,\,,
848,ð\œ,ûc,0.000000,\,,
849,ð\œ,ûc,0.000000,\,,
850,ð\œ,ûc,0.000000,\,,
851,ð\œ,ûc,0.000000,\,,
852,ð\œ,ûc,0.000000,\,,
853,ð\œ,ûc,0.000000,\,,
854,ð\œ,ûc,0.000000,\,,
855,ð\œ,ûc,0.000000,\,,
856,ð\œ,ûc,0.000000,\,,
857,ð\œ,ûc,0.000000,\,,
858,ð\œ,ûc,0.000000,\,,
859,ð\œ,ûc,0.000000,\,,
860,ð\œ,ûc,0.000000,\,,
861,ð\œ,ûc,0.000000,\,,
862,ð\œ,ûc,0.000000,\,,
863,ð\œ,ûc,0.000000,\,,
864,ð\œ,ûc,0.000000,\,,
865,ð\œ,ûc,0.000000,\,,
866,ð\œ,ûc,0.000000,\,,
867,ð\œ,ûc,0.000000,\,,
868,ð\œ,ûc,0.000000,\,,
869,ð\œ,ûc,0.000000,\,,
870,ð\œ,ûc,0.000000,\,,
871,ð\œ,ûc,0.000000,\,,
872,ð\œ,ûc,0.000000,\,,
873,ð\œ,ûc,0.000000,\,,
874,ð\œ,ûc,0.000000,\,,
875,ð\œ,ûc,0.000000,\,,
876,ð\œ,ûc,0.000000,\,,
877,ð\œ,ûc,0.000000,\,,
878,ð\œ,ûc,0.000000,\,,
879,ð\œ,ûc,0.000000,\,,
880,ð\œ,ûc,0.000000,\,,
881,ð\œ,ûc,0.000000,\,,
882,ð\œ,ûc,0.000000,\,,
883,ð\œ,ûc,0.000000,\,,
884,ð\œ,ûc,0.000000,\,,
885,ð\œ,ûc,0.000000,\,,
886,ð\œ,ûc,0.000000,\,,
887,ð\œ,ûc,0.000000,\,,
888,ð\œ,ûc,0.000000,\,,
889,ð\œ,ûc,0.000000,\,,
890,ð\œ,ûc,0.000000,\,,
891,ð\œ,ûc,0.000000,\,,
892,ð\œ,ûc,0.000000,\,,
893,ð\œ,ûc,0.000000,\,,
894,ð\œ,ûc,0.000000,\,,
895,ð\œ,ûc,0.000000,\,,
896,ð\œ,ûc,0.000000,\,,
897,ð\œ,ûc,0.000000,\,,
898,ð\œ,ûc,0.000000,\,,
899,ð\œ,ûc,0.000000,\,,
900,ð\œ,ûc,0.000000,\,,
901,ð\œ,ûc,0.000000,\,,
902,ð\œ,ûc,0.000000,\,,
903,ð\œ,ûc,0.000000,\,,
904,ð\œ,ûc,0.000000,\,,
905,ð\œ,ûc,0.000000,\,,
906,ð\œ,ûc,0.000000,\,,
907,ð\œ,ûc,0.000000,\,,
908,ð\œ,ûc,0.000000,\,,
909,ð\œ,ûc,0.000000,\,,
910,ð\œ,ûc,0.000000,\,,
911,ð\œ,ûc,0.000000,\,,
912,ð\œ,ûc,0.000000,\,,
913,ð\œ,ûc,0.000000,\,,
914,ð\œ,ûc,0.000000,\,,
915,ð\œ,ûc,0.000000,\,,
916,ð\œ,ûc,0.000000,\,,
917,ð\œ,ûc,0.000000,\,,
918,ð\œ,ûc,0.000000,\,,
919,ð\œ,ûc,0.000000,\,,
920,ð\œ,ûc,0.000000,\,,
921,ð\œ,ûc,0.000000,\,,
922,ð\œ,ûc,0.000000,\,,
923,ð\œ,ûc,0.000000,\,,
924,ð\œ,ûc,0.000000,\,,
925,ð\œ,ûc,0.000000,\,,
926,ð\œ,ûc,0.000000,\,,
927,ð\œ,ûc,0.000000,\,,
928,ð\œ,ûc,0.000000,\,,
929,ð\œ,ûc,0.000000,\,,
930,ð\œ,ûc,0.000000,\,,
931,ð\œ,ûc,0.000000,\,,
932,ð\œ,ûc,0.000000,\,,
933,ð\œ,ûc,0.000000,\,,
934,ð\œ,ûc,0.000000,\,,
935,ð\œ,ûc,0.000000,\,,
936,ð\œ,ûc,0.000000,\,,
937,ð\œ,ûc,0.000000,\,,
938,ð\œ,ûc,0.000000,\,,
939,ð\œ,ûc,0.000000,\,,
940,ð\œ,ûc,0.000000,\,,
941,ð\œ,ûc,0.000000,\,,
942,ð\œ,ûc,0.000000,\,,
943,ð\œ,ûc,0.000000,\,,
944,ð\œ,ûc,0.000000,\,,
945,ð\œ,ûc,0.000000,\,,
946,ð\œ,ûc,0.000000,\,,
947,ð\œ,ûc,0.000000,\,,
948,ð\œ,ûc,0.000000,\,,
949,ð\œ,ûc,0.000000,\,,
950,ð\œ,ûc,0.000000,\,,
951,ð\œ,ûc,0.000000,\,,
952,ð\œ,ûc,0.000000,\,,
953,ð\œ,ûc,0.000000,\,,
954,ð\œ,ûc,0.000000,\,,
955,ð\œ,ûc,0.000000,\,,
956,ð\œ,ûc,0.000000,\,,
957,ð\œ,ûc,0.000000,\,,
958,ð\œ,ûc,0.000000,\,,
959,ð\œ,ûc,0.000000,\,,
960,ð\œ,ûc,0.000000,\,,
961,ð\œ,ûc,0.000000,\,,
962,ð\œ,ûc,0.000000,\,,
963,ð\œ,ûc,0.000000,\,,
964,ð\œ,ûc,0.000000,\,,
965,ð\œ,ûc,0.000000,\,,
966,ð\œ,ûc,0.000000,\,,
967,ð\œ,ûc,0.000000,\,,
968,ð\œ,ûc,0.000000,\,,
969,ð\œ,ûc,0.000000,\,,
970,ð\œ,ûc,0.000000,\,,
971,ð\œ,ûc,0.000000,\,,
972,ð\œ,ûc,0.000000,\,,
973,ð\œ,ûc,0.000000,\,,
974,ð\œ,ûc,0.000000,\,,
975,ð\œ,ûc,0.000000,\,,
976,ð\œ,ûc,0.000000,\,,
977,ð\œ,ûc,0.000000,\,,
978,ð\œ,ûc,0.000000,\,,
979,ð\œ,ûc,0.000000,\,,
980,ð\œ,ûc,0.000000,\,,
981,ð\œ,ûc,0.000000,\,,
982,ð\œ,ûc,0.000000,\,,
983,ð\œ,ûc,0.000000,\,,
984,ð\œ,ûc,0.000000,\,,
985,ð\œ,ûc,0.000000,\,,
986,ð\œ,ûc,0.000000,\,,
987,ð\œ,ûc,0.000000,\,,
988,ð\œ,ûc,0.000000,\,,
989,ð\œ,ûc,0.000000,\,,
990,ð\œ,ûc,0.000000,\,,
991,ð\œ,ûc,0.000000,\,,
992,ð\œ,ûc,0.000000,\,,
993,ð\œ,ûc,0.000000,\,,
994,ð\œ,ûc,0.000000,\,,
995,ð\œ,ûc,0.000000,\,,
996,ð\œ,ûc,0.000000,\,,
997,ð\œ,ûc,0.000000,\,,
998,ð\œ,ûc,0.000000,\,,
999,ð\œ,ûc,0.000000,\,,
1000,ð\œ,ûc,0.000000,\,,
1,ð\œ,ûc,0.000000,\,,
2,ð\œ,ûc,0.000000,\,,
3,ð\œ,ûc,0.000000,\,,
4,ð\œ,ûc,0.000000,\,,
5,ð\œ,ûc,0.000000,\,,
6,ð\œ,ûc,0.000000,\,,
7,ð\œ,ûc,0.000000,\,,
8,ð\œ,ûc,0.000000,\,,
9,ð\œ,ûc,0.000000,\,,
10,ð\œ,ûc,0.000000,\,,
11,ð\œ,ûc,0.000000,\,,
12,ð\œ,ûc,0.000000,\,,
13,ð\œ,ûc,0.000000,\,,
14,ð\œ,ûc,0.000000,\,,
15,ð\œ,ûc,0.000000,\,,
16,ð\œ,ûc,0.000000,\,,
17,ð\œ,ûc,0.000000,\,,
18,ð\œ,ûc,0.000000,\,,
19,ð\œ,ûc,0.000000,\,,
20,ð\œ,ûc,0.000000,\,,
21,ð\œ,ûc,0.000000,\,,
22,ð\œ,ûc,0.000000,\,,
23,ð\œ,ûc,0.000000,\,,
24,ð\œ,ûc,0.000000,\,,
25,ð\œ,ûc,0.000000,\,,
26,ð\œ,ûc,0.000000,\,,
27,ð\œ,ûc,0.000000,\,,
28,ð\œ,ûc,0.000000,\,,
29,ð\œ,ûc,0.000000,\,,
30,ð\œ,ûc,0.000000,\,,
31,ð\œ,ûc,0.000000,\,,
32,ð\œ,ûc,0.000000,\,,
33,ð\œ,ûc,0.000000,\,,
34,ð\œ,ûc,0.000000,\,,
35,ð\œ,ûc,0.000000,\,,
36,ð\œ,ûc,0.000000,\,,
37,ð\œ,ûc,0.000000,\,,
38,ð\œ,ûc,0.000000,\,,
39,ð\œ,ûc,0.000000,\,,
40,ð\œ,ûc,0.000000,\,,
41,ð\œ,ûc,0.000000,\,,
42,ð\œ,ûc,0.000000,\,,
43,ð\œ,ûc,0.000000,\,,
44,ð\œ,ûc,0.000000,\,,
45,ð\œ,ûc,0.000000,\,,
46,ð\œ,ûc,0.000000,\,,
47,ð\œ,ûc,0.000000,\,,
48,ð\œ,ûc,0.000000,\,,
49,ð\œ,ûc,0.000000,\,,
50,ð\œ,ûc,0.000000,\,,
51,ð\œ,ûc,0.000000,\,,
52,ð\œ,ûc,0.000000,\,,
53,ð\œ,ûc,0.000000,\,,
54,ð\œ,ûc,0.000000,\,,
55,ð\œ,ûc,0.000000,\,,
56,ð\œ,ûc,0.000000,\,,
57,ð\œ,ûc,0.000000,\,,
58,ð\œ,ûc,0.000000,\,,
59,ð\œ,ûc,0.000000,\,,
60,ð\œ,ûc,0.000000,\,,
61,ð\œ,ûc,0.000000,\,,
62,ð\œ,ûc,0.000000,\,,
63,ð\œ,ûc,0.000000,\,,
64,ð\œ,ûc,0.000000,\,,
65,ð\œ,ûc,0.000000,\,,
66,ð\œ,ûc,0.000000,\,,
67,ð\œ,ûc,0.000000,\,,
68,ð\œ,ûc,0.000000,\,,
69,ð\œ,ûc,0.000000,\,,
70,ð\œ,ûc,0.000000,\,,
71,ð\œ,ûc,0.000000,\,,
72,ð\œ,ûc,0.000000,\,,
73,ð\œ,ûc,0.000000,\,,
74,ð\œ,ûc,0.000000,\,,
75,ð\œ,ûc,0.000000,\,,
76,ð\œ,ûc,0.000000,\,,
77,ð\œ,ûc,0.000000,\,,
78,ð\œ,ûc,0.000000,\,,
79,ð\œ,ûc,0.000000,\,,
80,ð\œ,ûc,0.000000,\,,
81,ð\œ,ûc,0.000000,\,,
82,ð\œ,ûc,0.000000,\,,
83,ð\œ,ûc,0.000000,\,,
84,ð\œ,ûc,0.000000,\,,
85,ð\œ,ûc,0.000000,\,,
86,ð\œ,ûc,0.000000,\,,
87,ð\œ,ûc,0.000000,\,,
88,ð\œ,ûc,0.000000,\,,
89,ð\œ,ûc,0.000000,\,,
90,ð\œ,ûc,0.000000,\,,
91,ð\œ,ûc,0.000000,\,,
92,ð\œ,ûc,0.000000,\,,
93,ð\œ,ûc,0.000000,\,,
94,ð\œ,ûc,0.000000,\,,
95,ð\œ,ûc,0.000000,\,,
96,ð\œ,ûc,0.000000,\,,
97,ð\œ,ûc,0.000000,\,,
98,ð\œ,ûc,0.000000,\,,
99,ð\œ,ûc,0.000000,\,,
100,ð\œ,ûc,0.000000,\,,
101,ð\œ,ûc,0.000000,\,,
102,ð\œ,ûc,0.000000,\,,
103,ð\œ,ûc,0.000000,\,,
104,ð\œ,ûc,0.000000,\,,
105,ð\œ,ûc,0.000000,\,,
106,ð\œ,ûc,0.000000,\,,
107,ð\œ,ûc,0.000000,\,,
108,ð\œ,ûc,0.000000,\,,
109,ð\œ,ûc,0.000000,\,,
110,ð\œ,ûc,0.000000,\,,
111,ð\œ,ûc,0.000000,\,,
112,ð\œ,ûc,0.000000,\,,
113,ð\œ,ûc,0.000000,\,,
114,ð\œ,ûc,0.000000,\,,
115,ð\œ,ûc,0.000000,\,,
116,ð\œ,ûc,0.000000,\,,
117,ð\œ,ûc,0.000000,\,,
118,ð\œ,ûc,0.000000,\,,
119,ð\œ,ûc,0.000000,\,,
120,ð\œ,ûc,0.000000,\,,
121,ð\œ,ûc,0.000000,\,,
122,ð\œ,ûc,0.000000,\,,
123,ð\œ,ûc,0.000000,\,,
124,ð\œ,ûc,0.000000,\,,
125,ð\œ,ûc,0.000000,\,,
126,ð\œ,ûc,0.000000,\,,
127,ð\œ,ûc,0.000000,\,,
128,ð\œ,ûc,0.000000,\,,
129,ð\œ,ûc,0.000000,\,,
130,ð\œ,ûc,0.000000,\,,
131,ð\œ,ûc,0.000000,\,,
132,ð\œ,ûc,0.000000,\,,
133,ð\œ,ûc,0.000000,\,,
134,ð\œ,ûc,0.000000,\,,
135,ð\œ,ûc,0.000000,\,,
136,ð\œ,ûc,0.000000,\,,
137,ð\œ,ûc,0.000000,\,,
138,ð\œ,ûc,0.000000,\,,
139,ð\œ,ûc,0.000000,\,,
140,ð\œ,ûc,0.000000,\,,
141,ð\œ,ûc,0.000000,\,,
142,ð\œ,ûc,0.000000,\,,
143,ð\œ,ûc,0.000000,\,,
144,ð\œ,ûc,0.000000,\,,
145,ð\œ,ûc,0.000000,\,,
146,ð\œ,ûc,0.000000,\,,
147,ð\œ,ûc,0.000000,\,,
148,ð\œ,ûc,0.000000,\,,
149,ð\œ,ûc,0.000000,\,,
150,ð\œ,ûc,0.000000,\,,
151,ð\œ,ûc,0.000000,\,,
152,ð\œ,ûc,0.000000,\,,
153,ð\œ,ûc,0.000000,\,,
154,ð\œ,ûc,0.000000,\,,
155,ð\œ,ûc,0.000000,\,,
156,ð\œ,ûc,0.000000,\,,
157,ð\œ,ûc,0.000000,\,,
158,ð\œ,ûc,0.000000,\,,
159,ð\œ,ûc,0.000000,\,,
160,ð\œ,ûc,0.000000,\,,
161,ð\œ,ûc,0.000000,\,,
162,ð\œ,ûc,0.000000,\,,
163,ð\œ,ûc,0.000000,\,,
164,ð\œ,ûc,0.000000,\,,
165,ð\œ,ûc,0.000000,\,,
166,ð\œ,ûc,0.000000,\,,
167,ð\œ,ûc,0.000000,\,,
168,ð\œ,ûc,0.000000,\,,
169,ð\œ,ûc,0.000000,\,,
170,ð\œ,ûc,0.000000,\,,
171,ð\œ,ûc,0.000000,\,,
172,ð\œ,ûc,0.000000,\,,
173,ð\œ,ûc,0.000000,\,,
174,ð\œ,ûc,0.000000,\,,
175,ð\œ,ûc,0.000000,\,,
176,ð\œ,ûc,0.000000,\,,
177,ð\œ,ûc,0.000000,\,,
178,ð\œ,ûc,0.000000,\,,
179,ð\œ,ûc,0.000000,\,,
180,ð\œ,ûc,0.000000,\,,
181,ð\œ,ûc,0.000000,\,,
182,ð\œ,ûc,0.000000,\,,
183,ð\œ,ûc,0.000000,\,,
184,ð\œ,ûc,0.000000,\,,
185,ð\œ,ûc,0.000000,\,,
186,ð\œ,ûc,0.000000,\,,
187,ð\œ,ûc,0.000000,\,,
188,ð\œ,ûc,0.000000,\,,
189,ð\œ,ûc,0.000000,\,,
190,ð\œ,ûc,0.000000,\,,
191,ð\œ,ûc,0.000000,\,,
192,ð\œ,ûc,0.000000,\,,
193,ð\œ,ûc,0.000000,\,,
194,ð\œ,ûc,0.000000,\,,
195,ð\œ,ûc,0.000000,\,,
196,ð\œ,ûc,0.000000,\,,
197,ð\œ,ûc,0.000000,\,,
198,ð\œ,ûc,0.000000,\,,
199,ð\œ,ûc,0.000000,\,,
200,ð\œ,ûc,0.000000,\,,
201,ð\œ,ûc,0.000000,\,,
202,ð\œ,ûc,0.000000,\,,
203,ð\œ,ûc,0.000000,\,,
204,ð\œ,ûc,0.000000,\,,
205,ð\œ,ûc,0.000000,\,,
206,ð\œ,ûc,0.000000,\,,
207,ð\œ,ûc,0.000000,\,,
208,ð\œ,ûc,0.000000,\,,
209,ð\œ,ûc,0.000000,\,,
210,ð\œ,ûc,0.000000,\,,
211,ð\œ,ûc,0.000000,\,,
212,ð\œ,ûc,0.000000,\,,
213,ð\œ,ûc,0.000000,\,,
214,ð\œ,ûc,0.000000,\,,
215,ð\œ,ûc,0.000000,\,,
216,ð\œ,ûc,0.000000,\,,
217,ð\œ,ûc,0.000000,\,,
218,ð\œ,ûc,0.000000,\,,
219,ð\œ,ûc,0.000000,\,,
220,ð\œ,ûc,0.000000,\,,
221,ð\œ,ûc,0.000000,\,,
222,ð\œ,ûc,0.000000,\,,
223,ð\œ,ûc,0.000000,\,,
224,ð\œ,ûc,0.000000,\,,
225,ð\œ,ûc,0.000000,\,,
226,ð\œ,ûc,0.000000,\,,
227,ð\œ,ûc,0.000000,\,,
228,ð\œ,ûc,0.000000,\,,
229,ð\œ,ûc,0.000000,\,,
230,ð\œ,ûc,0.000000,\,,
231,ð\œ,ûc,0.000000,\,,
232,ð\œ,ûc,0.000000,\,,
233,ð\œ,ûc,0.000000,\,,
234,ð\œ,ûc,0.000000,\,,
235,ð\œ,ûc,0.000000,\,,
236,ð\œ,ûc,0.000000,\,,
237,ð\œ,ûc,0.000000,\,,
238,ð\œ,ûc,0.000000,\,,
239,ð\œ,ûc,0.000000,\,,
240,ð\œ,ûc,0.000000,\,,
241,ð\œ,ûc,0.000000,\,,
242,ð\œ,ûc,0.000000,\,,
243,ð\œ,ûc,0.000000,\,,
244,ð\œ,ûc,0.000000,\,,
245,ð\œ,ûc,0.000000,\,,
246,ð\œ,ûc,0.000000,\,,
247,ð\œ,ûc,0.000000,\,,
248,ð\œ,ûc,0.000000,\,,
249,ð\œ,ûc,0.000000,\,,
250,ð\œ,ûc,0.000000,\,,
251,ð\œ,ûc,0.000000,\,,
252,ð\œ,ûc,0.000000,\,,
253,ð\œ,ûc,0.000000,\,,
254,ð\œ,ûc,0.000000,\,,
255,ð\œ,ûc,0.000000,\,,
256,ð\œ,ûc,0.000000,\,,
257,ð\œ,ûc,0.000000,\,,
258,ð\œ,ûc,0.000000,\,,
259,ð\œ,ûc,0.000000,\,,
260,ð\œ,ûc,0.000000,\,,
261,ð\œ,ûc,0.000000,\,,
262,ð\œ,ûc,0.000000,\,,
263,ð\œ,ûc,0.000000,\,,
264,ð\œ,ûc,0.000000,\,,
265,ð\œ,ûc,0.000000,\,,
266,ð\œ,ûc,0.000000,\,,
267,ð\œ,ûc,0.000000,\,,
268,ð\œ,ûc,0.000000,\,,
269,ð\œ,ûc,0.000000,\,,
270,ð\œ,ûc,0.000000,\,,
271,ð\œ,ûc,0.000000,\,,
272,ð\œ,ûc,0.000000,\,,
273,ð\œ,ûc,0.000000,\,,
274,ð\œ,ûc,0.000000,\,,
275,ð\œ,ûc,0.000000,\,,
276,ð\œ,ûc,0.000000,\,,
277,ð\œ,ûc,0.000000,\,,
278,ð\œ,ûc,0.000000,\,,
279,ð\œ,ûc,0.000000,\,,
280,ð\œ,ûc,0.000000,\,,
281,ð\œ,ûc,0.000000,\,,
282,ð\œ,ûc,0.000000,\,,
283,ð\œ,ûc,0.000000,\,,
284,ð\œ,ûc,0.000000,\,,
285,ð\œ,ûc,0.000000,\,,
286,ð\œ,ûc,0.000000,\,,
287,ð\œ,ûc,0.000000,\,,
288,ð\œ,ûc,0.000000,\,,
289,ð\œ,ûc,0.000000,\,,
290,ð\œ,ûc,0.000000,\,,
291,ð\œ,ûc,0.000000,\,,
292,ð\œ,ûc,0.000000,\,,
293,ð\œ,ûc,0.000000,\,,
294,ð\œ,ûc,0.000000,\,,
295,ð\œ,ûc,0.000000,\,,
296,ð\œ,ûc,0.000000,\,,
297,ð\œ,ûc,0.000000,\,,
298,ð\œ,ûc,0.000000,\,,
299,ð\œ,ûc,0.000000,\,,
300,ð\œ,ûc,0.000000,\,,
301,ð\œ,ûc,0.000000,\,,
302,ð\œ,ûc,0.000000,\,,
303,ð\œ,ûc,0.000000,\,,
304,ð\œ,ûc,0.000000,\,,
305,ð\œ,ûc,0.000000,\,,
306,ð\œ,ûc,0.000000,\,,
307,ð\œ,ûc,0.000000,\,,
308,ð\œ,ûc,0.000000,\,,
309,ð\œ,ûc,0.000000,\,,
310,ð\œ,ûc,0.000000,\,,
311,ð\œ,ûc,0.000000,\,,
312,ð\œ,ûc,0.000000,\,,
313,ð\œ,ûc,0.000000,\,,
314,ð\œ,ûc,0.000000,\,,
315,ð\œ,ûc,0.000000,\,,
316,ð\œ,ûc,0.000000,\,,
317,ð\œ,ûc,0.000000,\,,
318,ð\œ,ûc,0.000000,\,,
319,ð\œ,ûc,0.000000,\,,
320,ð\œ,ûc,0.000000,\,,
321,ð\œ,ûc,0.000000,\,,
322,ð\œ,ûc,0.000000,\,,
323,ð\œ,ûc,0.000000,\,,
324,ð\œ,ûc,0.000000,\,,
325,ð\œ,ûc,0.000000,\,,
326,ð\œ,ûc,0.000000,\,,
327,ð\œ,ûc,0.000000,\,,
328,ð\œ,ûc,0.000000,\,,
329,ð\œ,ûc,0.000000,\,,
330,ð\œ,ûc,0.000000,\,,
331,ð\œ,ûc,0.000000,\,,
332,ð\œ,ûc,0.000000,\,,
333,ð\œ,ûc,0.000000,\,,
334,ð\œ,ûc,0.000000,\,,
335,ð\œ,ûc,0.000000,\,,
336,ð\œ,ûc,0.000000,\,,
337,ð\œ,ûc,0.000000,\,,
338,ð\œ,ûc,0.000000,\,,
339,ð\œ,ûc,0.000000,\,,
340,ð\œ,ûc,0.000000,\,,
341,ð\œ,ûc,0.000000,\,,
342,ð\œ,ûc,0.000000,\,,
343,ð\œ,ûc,0.000000,\,,
344,ð\œ,ûc,0.000000,\,,
345,ð\œ,ûc,0.000000,\,,
346,ð\œ,ûc,0.000000,\,,
347,ð\œ,ûc,0.000000,\,,
348,ð\œ,ûc,0.000000,\,,
349,ð\œ,ûc,0.000000,\,,
350,ð\œ,ûc,0.000000,\,,
351,ð\œ,ûc,0.000000,\,,
352,ð\œ,ûc,0.000000,\,,
353,ð\œ,ûc,0.000000,\,,
354,ð\œ,ûc,0.000000,\,,
355,ð\œ,ûc,0.000000,\,,
356,ð\œ,ûc,0.000000,\,,
357,ð\œ,ûc,0.000000,\,,
358,ð\œ,ûc,0.000000,\,,
359,ð\œ,ûc,0.000000,\,,
360,ð\œ,ûc,0.000000,\,,
361,ð\œ,ûc,0.000000,\,,
362,ð\œ,ûc,0.000000,\,,
363,ð\œ,ûc,0.000000,\,,
364,ð\œ,ûc,0.000000,\,,
365,ð\œ,ûc,0.000000,\,,
366,ð\œ,ûc,0.000000,\,,
367,ð\œ,ûc,0.000000,\,,
368,ð\œ,ûc,0.000000,\,,
369,ð\œ,ûc,0.000000,\,,
370,ð\œ,ûc,0.000000,\,,
371,ð\œ,ûc,0.000000,\,,
372,ð\œ,ûc,0.000000,\,,
373,ð\œ,ûc,0.000000,\,,
374,ð\œ,ûc,0.000000,\,,
375,ð\œ,ûc,0.000000,\,,
376,ð\œ,ûc,0.000000,\,,
377,ð\œ,ûc,0.000000,\,,
378,ð\œ,ûc,0.000000,\,,
379,ð\œ,ûc,0.000000,\,,
380,ð\œ,ûc,0.000000,\,,
381,ð\œ,ûc,0.000000,\,,
382,ð\œ,ûc,0.000000,\,,
383,ð\œ,ûc,0.000000,\,,
384,ð\œ,ûc,0.000000,\,,
385,ð\œ,ûc,0.000000,\,,
386,ð\œ,ûc,0.000000,\,,
387,ð\œ,ûc,0.000000,\,,
388,ð\œ,ûc,0.000000,\,,
389,ð\œ,ûc,0.000000,\,,
390,ð\œ,ûc,0.000000,\,,
391,ð\œ,ûc,0.000000,\,,
392,ð\œ,ûc,0.000000,\,,
393,ð\œ,ûc,0.000000,\,,
394,ð\œ,ûc,0.000000,\,,
395,ð\œ,ûc,0.000000,\,,
396,ð\œ,ûc,0.000000,\,,
397,ð\œ,ûc,0.000000,\,,
398,ð\œ,ûc,0.000000,\,,
399,ð\œ,ûc,0.000000,\,,
400,ð\œ,ûc,0.000000,\,,
401,ð\œ,ûc,0.000000,\,,
402,ð\œ,ûc,0.000000,\,,
403,ð\œ,ûc,0.000000,\,,
404,ð\œ,ûc,0.000000,\,,
405,ð\œ,ûc,0.000000,\,,
406,ð\œ,ûc,0.000000,\,,
407,ð\œ,ûc,0.000000,\,,
408,ð\œ,ûc,0.000000,\,,
409,ð\œ,ûc,0.000000,\,,
410,ð\œ,ûc,0.000000,\,,
411,ð\œ,ûc,0.000000,\,,
412,ð\œ,ûc,0.000000,\,,
413,ð\œ,ûc,0.000000,\,,
414,ð\œ,ûc,0.000000,\,,
415,ð\œ,ûc,0.000000,\,,
416,ð\œ,ûc,0.000000,\,,
417,ð\œ,ûc,0.000000,\,,
418,ð\œ,ûc,0.000000,\,,
419,ð\œ,ûc,0.000000,\,,
420,ð\œ,ûc,0.000000,\,,
421,ð\œ,ûc,0.000000,\,,
422,ð\œ,ûc,0.000000,\,,
423,ð\œ,ûc,0.000000,\,,
424,ð\œ,ûc,0.000000,\,,
425,ð\œ,ûc,0.000000,\,,
426,ð\œ,ûc,0.000000,\,,
427,ð\œ,ûc,0.000000,\,,
428,ð\œ,ûc,0.000000,\,,
429,ð\œ,ûc,0.000000,\,,
430,ð\œ,ûc,0.000000,\,,
431,ð\œ,ûc,0.000000,\,,
432,ð\œ,ûc,0.000000,\,,
433,ð\œ,ûc,0.000000,\,,
434,ð\œ,ûc,0.000000,\,,
435,ð\œ,ûc,0.000000,\,,
436,ð\œ,ûc,0.000000,\,,
437,ð\œ,ûc,0.000000,\,,
438,ð\œ,ûc,0.000000,\,,
439,ð\œ,ûc,0.000000,\,,
440,ð\œ,ûc,0.000000,\,,
441,ð\œ,ûc,0.000000,\,,
442,ð\œ,ûc,0.000000,\,,
443,ð\œ,ûc,0.000000,\,,
444,ð\œ,ûc,0.000000,\,,
445,ð\œ,ûc,0.000000,\,,
446,ð\œ,ûc,0.000000,\,,
447,ð\œ,ûc,0.000000,\,,
448,ð\œ,ûc,0.000000,\,,
449,ð\œ,ûc,0.000000,\,,
450,ð\œ,ûc,0.000000,\,,
451,ð\œ,ûc,0.000000,\,,
452,ð\œ,ûc,0.000000,\,,
453,ð\œ,ûc,0.000000,\,,
454,ð\œ,ûc,0.000000,\,,
455,ð\œ,ûc,0.000000,\,,
456,ð\œ,ûc,0.000000,\,,
457,ð\œ,ûc,0.000000,\,,
458,ð\œ,ûc,0.000000,\,,
459,ð\œ,ûc,0.000000,\,,
460,ð\œ,ûc,0.000000,\,,
461,ð\œ,ûc,0.000000,\,,
462,ð\œ,ûc,0.000000,\,,
463,ð\œ,ûc,0.000000,\,,
464,ð\œ,ûc,0.000000,\,,
465,ð\œ,ûc,0.000000,\,,
466,ð\œ,ûc,0.000000,\,,
467,ð\œ,ûc,0.000000,\,,
468,ð\œ,ûc,0.000000,\,,
469,ð\œ,ûc,0.000000,\,,
470,ð\œ,ûc,0.000000,\,,
471,ð\œ,ûc,0.000000,\,,
472,ð\œ,ûc,0.000000,\,,
473,ð\œ,ûc,0.000000,\,,
474,ð\œ,ûc,0.000000,\,,
475,ð\œ,ûc,0.000000,\,,
476,ð\œ,ûc,0.000000,\,,
477,ð\œ,ûc,0.000000,\,,
478,ð\œ,ûc,0.000000,\,,
479,ð\œ,ûc,0.000000,\,,
480,ð\œ,ûc,0.000000,\,,
481,ð\œ,ûc,0.000000,\,,
482,ð\œ,ûc,0.000000,\,,
483,ð\œ,ûc,0.000000,\,,
484,ð\œ,ûc,0.000000,\,,
485,ð\œ,ûc,0.000000,\,,
486,ð\œ,ûc,0.000000,\,,
487,ð\œ,ûc,0.000000,\,,
488,ð\œ,ûc,0.000000,\,,
489,ð\œ,ûc,0.000000,\,,
490,ð\œ,ûc,0.000000,\,,
491,ð\œ,ûc,0.000000,\,,
492,ð\œ,ûc,0.000000,\,,
493,ð\œ,ûc,0.000000,\,,
494,ð\œ,ûc,0.000000,\,,
495,ð\œ,ûc,0.000000,\,,
496,ð\œ,ûc,0.000000,\,,
497,ð\œ,ûc,0.000000,\,,
498,ð\œ,ûc,0.000000,\,,
499,ð\œ,ûc,0.000000,\,,
500,ð\œ,ûc,0.000000,\,,
501,ð\œ,ûc,0.000000,\,,
502,ð\œ,ûc,0.000000,\,,
503,ð\œ,ûc,0.000000,\,,
504,ð\œ,ûc,0.000000,\,,
505,ð\œ,ûc,0.000000,\,,
506,ð\œ,ûc,0.000000,\,,
507,ð\œ,ûc,0.000000,\,,
508,ð\œ,ûc,0.000000,\,,
509,ð\œ,ûc,0.000000,\,,
510,ð\œ,ûc,0.000000,\,,
511,ð\œ,ûc,0.000000,\,,
512,ð\œ,ûc,0.000000,\,,
513,ð\œ,ûc,0.000000,\,,
514,ð\œ,ûc,0.000000,\,,
515,ð\œ,ûc,0.000000,\,,
516,ð\œ,ûc,0.000000,\,,
517,ð\œ,ûc,0.000000,\,,
518,ð\œ,ûc,0.000000,\,,
519,ð\œ,ûc,0.000000,\,,
520,ð\œ,ûc,0.000000,\,,
521,ð\œ,ûc,0.000000,\,,
522,ð\œ,ûc,0.000000,\,,
523,ð\œ,ûc,0.000000,\,,
524,ð\œ,ûc,0.000000,\,,
525,ð\œ,ûc,0.000000,\,,
526,ð\œ,ûc,0.000000,\,,
527,ð\œ,ûc,0.000000,\,,
528,ð\œ,ûc,0.000000,\,,
529,ð\œ,ûc,0.000000,\,,
530,ð\œ,ûc,0.000000,\,,
531,ð\œ,ûc,0.000000,\,,
532,ð\œ,ûc,0.000000,\,,
533,ð\œ,ûc,0.000000,\,,
534,ð\œ,ûc,0.000000,\,,
535,ð\œ,ûc,0.000000,\,,
536,ð\œ,ûc,0.000000,\,,
537,ð\œ,ûc,0.000000,\,,
538,ð\œ,ûc,0.000000,\,,
539,ð\œ,ûc,0.000000,\,,
540,ð\œ,ûc,0.000000,\,,
541,ð\œ,ûc,0.000000,\,,
542,ð\œ,ûc,0.000000,\,,
543,ð\œ,ûc,0.000000,\,,
544,ð\œ,ûc,0.000000,\,,
545,ð\œ,ûc,0.000000,\,,
546,ð\œ,ûc,0.000000,\,,
547,ð\œ,ûc,0.000000,\,,
548,ð\œ,ûc,0.000000,\,,
549,ð\œ,ûc,0.000000,\,,
550,ð\œ,ûc,0.000000,\,,
551,ð\œ,ûc,0.000000,\,,
552,ð\œ,ûc,0.000000,\,,
553,ð\œ,ûc,0.000000,\,,
554,ð\œ,ûc,0.000000,\,,
555,ð\œ,ûc,0.000000,\,,
556,ð\œ,ûc,0.000000,\,,
557,ð\œ,ûc,0.000000,\,,
558,ð\œ,ûc,0.000000,\,,
559,ð\œ,ûc,0.000000,\,,
560,ð\œ,ûc,0.000000,\,,
561,ð\œ,ûc,0.000000,\,,
562,ð\œ,ûc,0.000000,\,,
563,ð\œ,ûc,0.000000,\,,
564,ð\œ,ûc,0.000000,\,,
565,ð\œ,ûc,0.000000,\,,
566,ð\œ,ûc,0.000000,\,,
567,ð\œ,ûc,0.000000,\,,
568,ð\œ,ûc,0.000000,\,,
569,ð\œ,ûc,0.000000,\,,
570,ð\œ,ûc,0.000000,\,,
571,ð\œ,ûc,0.000000,\,,
572,ð\œ,ûc,0.000000,\,,
573,ð\œ,ûc,0.000000,\,,
574,ð\œ,ûc,0.000000,\,,
575,ð\œ,ûc,0.000000,\,,
576,ð\œ,ûc,0.000000,\,,
577,ð\œ,ûc,0.000000,\,,
578,ð\œ,ûc,0.000000,\,,
579,ð\œ,ûc,0.000000,\,,
580,ð\œ,ûc,0.000000,\,,
581,ð\œ,ûc,0.000000,\,,
582,ð\œ,ûc,0.000000,\,,
583,ð\œ,ûc,0.000000,\,,
584,ð\œ,ûc,0.000000,\,,
585,ð\œ,ûc,0.000000,\,,
586,ð\œ,ûc,0.000000,\,,
587,ð\œ,ûc,0.000000,\,,
588,ð\œ,ûc,0.000000,\,,
589,ð\œ,ûc,0.000000,\,,
590,ð\œ,ûc,0.000000,\,,
591,ð\œ,ûc,0.000000,\,,
592,ð\œ,ûc,0.000000,\,,
593,ð\œ,ûc,0.000000,\,,
594,ð\œ,ûc,0.000000,\,,
595,ð\œ,ûc,0.000000,\,,
596,ð\œ,ûc,0.000000,\,,
597,ð\œ,ûc,0.000000,\,,
598,ð\œ,ûc,0.000000,\,,
599,ð\œ,ûc,0.000000,\,,
600,ð\œ,ûc,0.000000,\,,
601,ð\œ,ûc,0.000000,\,,
602,ð\œ,ûc,0.000000,\,,
603,ð\œ,ûc,0.000000,\,,
604,ð\œ,ûc,0.000000,\,,
605,ð\œ,ûc,0.000000,\,,
606,ð\œ,ûc,0.000000,\,,
607,ð\œ,ûc,0.000000,\,,
608,ð\œ,ûc,0.000000,\,,
609,ð\œ,ûc,0.000000,\,,
610,ð\œ,ûc,0.000000,\,,
611,ð\œ,ûc,0.000000,\,,
612,ð\œ,ûc,0.000000,\,,
613,ð\œ,ûc,0.000000,\,,
614,ð\œ,ûc,0.000000,\,,
615,ð\œ,ûc,0.000000,\,,
616,ð\œ,ûc,0.000000,\,,
617,ð\œ,ûc,0.000000,\,,
618,ð\œ,ûc,0.000000,\,,
619,ð\œ,ûc,0.000000,\,,
620,ð\œ,ûc,0.000000,\,,
621,ð\œ,ûc,0.000000,\,,
622,ð\œ,ûc,0.000000,\,,
623,ð\œ,ûc,0.000000,\,,
624,ð\œ,ûc,0.000000,\,,
625,ð\œ,ûc,0.000000,\,,
626,ð\œ,ûc,0.000000,\,,
627,ð\œ,ûc,0.000000,\,,
628,ð\œ,ûc,0.000000,\,,
629,ð\œ,ûc,0.000000,\,,
630,ð\œ,ûc,0.000000,\,,
631,ð\œ,ûc,0.000000,\,,
632,ð\œ,ûc,0.000000,\,,
633,ð\œ,ûc,0.000000,\,,
634,ð\œ,ûc,0.000000,\,,
635,ð\œ,ûc,0.000000,\,,
636,ð\œ,ûc,0.000000,\,,
637,ð\œ,ûc,0.000000,\,,
638,ð\œ,ûc,0.000000,\,,
639,ð\œ,ûc,0.000000,\,,
640,ð\œ,ûc,0.000000,\,,
641,ð\œ,ûc,0.000000,\,,
642,ð\œ,ûc,0.000000,\,,
643,ð\œ,ûc,0.000000,\,,
644,ð\œ,ûc,0.000000,\,,
645,ð\œ,ûc,0.000000,\,,
646,ð\œ,ûc,0.000000,\,,
647,ð\œ,ûc,0.000000,\,,
648,ð\œ,ûc,0.000000,\,,
649,ð\œ,ûc,0.000000,\,,
650,ð\œ,ûc,0.000000,\,,
651,ð\œ,ûc,0.000000,\,,
652,ð\œ,ûc,0.000000,\,,
653,ð\œ,ûc,0.000000,\,,
654,ð\œ,ûc,0.000000,\,,
655,ð\œ,ûc,0.000000,\,,
656,ð\œ,ûc,0.000000,\,,
657,ð\œ,ûc,0.000000,\,,
658,ð\œ,ûc,0.000000,\,,
659,ð\œ,ûc,0.000000,\,,
660,ð\œ,ûc,0.000000,\,,
661,ð\œ,ûc,0.000000,\,,
662,ð\œ,ûc,0.000000,\,,
663,ð\œ,ûc,0.000000,\,,
664,ð\œ,ûc,0.000000,\,,
665,ð\œ,ûc,0.000000,\,,
666,ð\œ,ûc,0.000000,\,,
667,ð\œ,ûc,0.000000,\,,
668,ð\œ,ûc,0.000000,\,,
669,ð\œ,ûc,0.000000,\,,
670,ð\œ,ûc,0.000000,\,,
671,ð\œ,ûc,0.000000,\,,
672,ð\œ,ûc,0.000000,\,,
673,ð\œ,ûc,0.000000,\,,
674,ð\œ,ûc,0.000000,\,,
675,ð\œ,ûc,0.000000,\,,
676,ð\œ,ûc,0.000000,\,,
677,ð\œ,ûc,0.000000,\,,
678,ð\œ,ûc,0.000000,\,,
679,ð\œ,ûc,0.000000,\,,
680,ð\œ,ûc,0.000000,\,,
681,ð\œ,ûc,0.000000,\,,
682,ð\œ,ûc,0.000000,\,,
683,ð\œ,ûc,0.000000,\,,
684,ð\œ,ûc,0.000000,\,,
685,ð\œ,ûc,0.000000,\,,
686,ð\œ,ûc,0.000000,\,,
687,ð\œ,ûc,0.000000,\,,
688,ð\œ,ûc,0.000000,\,,
689,ð\œ,ûc,0.000000,\,,
690,ð\œ,ûc,0.000000,\,,
691,ð\œ,ûc,0.000000,\,,
692,ð\œ,ûc,0.000000,\,,
693,ð\œ,ûc,0.000000,\,,
694,ð\œ,ûc,0.000000,\,,
695,ð\œ,ûc,0.000000,\,,
696,ð\œ,ûc,0.000000,\,,
697,ð\œ,ûc,0.000000,\,,
698,ð\œ,ûc,0.000000,\,,
699,ð\œ,ûc,0.000000,\,,
700,ð\œ,ûc,0.000000,\,,
701,ð\œ,ûc,0.000000,\,,
702,ð\œ,ûc,0.000000,\,,
703,ð\œ,ûc,0.000000,\,,
704,ð\œ,ûc,0.000000,\,,
705,ð\œ,ûc,0.000000,\,,
706,ð\œ,ûc,0.000000,\,,
707,ð\œ,ûc,0.000000,\,,
708,ð\œ,ûc,0.000000,\,,
709,ð\œ,ûc,0.000000,\,,
710,ð\œ,ûc,0.000000,\,,
711,ð\œ,ûc,0.000000,\,,
712,ð\œ,ûc,0.000000,\,,
713,ð\œ,ûc,0.000000,\,,
714,ð\œ,ûc,0.000000,\,,
715,ð\œ,ûc,0.000000,\,,
716,ð\œ,ûc,0.000000,\,,
717,ð\œ,ûc,0.000000,\,,
718,ð\œ,ûc,0.000000,\,,
719,ð\œ,ûc,0.000000,\,,
720,ð\œ,ûc,0.000000,\,,
721,ð\œ,ûc,0.000000,\,,
722,ð\œ,ûc,0.000000,\,,
723,ð\œ,ûc,0.000000,\,,
724,ð\œ,ûc,0.000000,\,,
725,ð\œ,ûc,0.000000,\,,
726,ð\œ,ûc,0.000000,\,,
727,ð\œ,ûc,0.000000,\,,
728,ð\œ,ûc,0.000000,\,,
729,ð\œ,ûc,0.000000,\,,
730,ð\œ,ûc,0.000000,\,,
731,ð\œ,ûc,0.000000,\,,
732,ð\œ,ûc,0.000000,\,,
733,ð\œ,ûc,0.000000,\,,
734,ð\œ,ûc,0.000000,\,,
735,ð\œ,ûc,0.000000,\,,
736,ð\œ,ûc,0.000000,\,,
737,ð\œ,ûc,0.000000,\,,
738,ð\œ,ûc,0.000000,\,,
739,ð\œ,ûc,0.000000,\,,
740,ð\œ,ûc,0.000000,\,,
741,ð\œ,ûc,0.000000,\,,
742,ð\œ,ûc,0.000000,\,,
743,ð\œ,ûc,0.000000,\,,
744,ð\œ,ûc,0.000000,\,,
745,ð\œ,ûc,0.000000,\,,
746,ð\œ,ûc,0.000000,\,,
747,ð\œ,ûc,0.000000,\,,
748,ð\œ,ûc,0.000000,\,,
749,ð\œ,ûc,0.000000,\,,
750,ð\œ,ûc,0.000000,\,,
751,ð\œ,ûc,0.000000,\,,
752,ð\œ,ûc,0.000000,\,,
753,ð\œ,ûc,0.000000,\,,
754,ð\œ,ûc,0.000000,\,,
755,ð\œ,ûc,0.000000,\,,
756,ð\œ,ûc,0.000000,\,,
757,ð\œ,ûc,0.000000,\,,
758,ð\œ,ûc,0.000000,\,,
759,ð\œ,ûc,0.000000,\,,
760,ð\œ,ûc,0.000000,\,,
761,ð\œ,ûc,0.000000,\,,
762,ð\œ,ûc,0.000000,\,,
763,ð\œ,ûc,0.000000,\,,
764,ð\œ,ûc,0.000000,\,,
765,ð\œ,ûc,0.000000,\,,
766,ð\œ,ûc,0.000000,\,,
767,ð\œ,ûc,0.000000,\,,
768,ð\œ,ûc,0.000000,\,,
769,ð\œ,ûc,0.000000,\,,
770,ð\œ,ûc,0.000000,\,,
771,ð\œ,ûc,0.000000,\,,
772,ð\œ,ûc,0.000000,\,,
773,ð\œ,ûc,0.000000,\,,
774,ð\œ,ûc,0.000000,\,,
775,ð\œ,ûc,0.000000,\,,
776,ð\œ,ûc,0.000000,\,,
777,ð\œ,ûc,0.000000,\,,
778,ð\œ,ûc,0.000000,\,,
779,ð\œ,ûc,0.000000,\,,
780,ð\œ,ûc,0.000000,\,,
781,ð\œ,ûc,0.000000,\,,
782,ð\œ,ûc,0.000000,\,,
783,ð\œ,ûc,0.000000,\,,
784,ð\œ,ûc,0.000000,\,,
785,ð\œ,ûc,0.000000,\,,
786,ð\œ,ûc,0.000000,\,,
787,ð\œ,ûc,0.000000,\,,
788,ð\œ,ûc,0.000000,\,,
789,ð\œ,ûc,0.000000,\,,
790,ð\œ,ûc,0.000000,\,,
791,ð\œ,ûc,0.000000,\,,
792,ð\œ,ûc,0.000000,\,,
793,ð\œ,ûc,0.000000,\,,
794,ð\œ,ûc,0.000000,\,,
795,ð\œ,ûc,0.000000,\,,
796,ð\œ,ûc,0.000000,\,,
797,ð\œ,ûc,0.000000,\,,
798,ð\œ,ûc,0.000000,\,,
799,ð\œ,ûc,0.000000,\,,
800,ð\œ,ûc,0.000000,\,,
801,ð\œ,ûc,0.000000,\,,
802,ð\œ,ûc,0.000000,\,,
803,ð\œ,ûc,0.000000,\,,
804,ð\œ,ûc,0.000000,\,,
805,ð\œ,ûc,0.000000,\,,
806,ð\œ,ûc,0.000000,\,,
807,ð\œ,ûc,0.000000,\,,
808,ð\œ,ûc,0.000000,\,,
809,ð\œ,ûc,0.000000,\,,
810,ð\œ,ûc,0.000000,\,,
811,ð\œ,ûc,0.000000,\,,
812,ð\œ,ûc,0.000000,\,,
813,ð\œ,ûc,0.000000,\,,
814,ð\œ,ûc,0.000000,\,,
815,ð\œ,ûc,0.000000,\,,
816,ð\œ,ûc,0.000000,\,,
817,ð\œ,ûc,0.000000,\,,
818,ð\œ,ûc,0.000000,\,,
819,ð\œ,ûc,0.000000,\,,
820,ð\œ,ûc,0.000000,\,,
821,ð\œ,ûc,0.000000,\,,
822,ð\œ,ûc,0.000000,\,,
823,ð\œ,ûc,0.000000,\,,
824,ð\œ,ûc,0.000000,\,,
825,ð\œ,ûc,0.000000,\,,
826,ð\œ,ûc,0.000000,\,,
827,ð\œ,ûc,0.000000,\,,
828,ð\œ,ûc,0.000000,\,,
829,ð\œ,ûc,0.000000,\,,
830,ð\œ,ûc,0.000000,\,,
831,ð\œ,ûc,0.000000,\,,
832,ð\œ,ûc,0.000000,\,,
833,ð\œ,ûc,0.000000,\,,
834,ð\œ,ûc,0.000000,\,,
835,ð\œ,ûc,0.000000,\,,
836,ð\œ,ûc,0.000000,\,,
837,ð\œ,ûc,0.000000,\,,
838,ð\œ,ûc,0.000000,\,,
839,ð\œ,ûc,0.000000,\,,
840,ð\œ,ûc,0.000000,\,,
841,ð\œ,ûc,0.000000,\,,
842,ð\œ,ûc,0.000000,\,,
843,ð\œ,ûc,0.000000,\,,
844,ð\œ,ûc,0.000000,\,,
845,ð\œ,ûc,0.000000,\,,
846,ð\œ,ûc,0.000000,\,,
847,ð\œ,ûc,0.000000,\,,
848,ð\œ,ûc,0.000000,\,,
849,ð\œ,ûc,0.000000,\,,
850,ð\œ,ûc,0.000000,\,,
851,ð\œ,ûc,0.000000,\,,
852,ð\œ,ûc,0.000000,\,,
853,ð\œ,ûc,0.000000,\,,
854,ð\œ,ûc,0.000000,\,,
855,ð\œ,ûc,0.000000,\,,
856,ð\œ,ûc,0.000000,\,,
857,ð\œ,ûc,0.000000,\,,
858,ð\œ,ûc,0.000000,\,,
859,ð\œ,ûc,0.000000,\,,
860,ð\œ,ûc,0.000000,\,,
861,ð\œ,ûc,0.000000,\,,
862,ð\œ,ûc,0.000000,\,,
863,ð\œ,ûc,0.000000,\,,
864,ð\œ,ûc,0.000000,\,,
865,ð\œ,ûc,0.000000,\,,
866,ð\œ,ûc,0.000000,\,,
867,ð\œ,ûc,0.000000,\,,
868,ð\œ,ûc,0.000000,\,,
869,ð\œ,ûc,0.000000,\,,
870,ð\œ,ûc,0.000000,\,,
871,ð\œ,ûc,0.000000,\,,
872,ð\œ,ûc,0.000000,\,,
873,ð\œ,ûc,0.000000,\,,
874,ð\œ,ûc,0.000000,\,,
875,ð\œ,ûc,0.000000,\,,
876,ð\œ,ûc,0.000000,\,,
877,ð\œ,ûc,0.000000,\,,
878,ð\œ,ûc,0.000000,\,,
879,ð\œ,ûc,0.000000,\,,
880,ð\œ,ûc,0.000000,\,,
881,ð\œ,ûc,0.000000,\,,
882,ð\œ,ûc,0.000000,\,,
883,ð\œ,ûc,0.000000,\,,
884,ð\œ,ûc,0.000000,\,,
885,ð\œ,ûc,0.000000,\,,
886,ð\œ,ûc,0.000000,\,,
887,ð\œ,ûc,0.000000,\,,
888,ð\œ,ûc,0.000000,\,,
889,ð\œ,ûc,0.000000,\,,
890,ð\œ,ûc,0.000000,\,,
891,ð\œ,ûc,0.000000,\,,
892,ð\œ,ûc,0.000000,\,,
893,ð\œ,ûc,0.000000,\,,
894,ð\œ,ûc,0.000000,\,,
895,ð\œ,ûc,0.000000,\,,
896,ð\œ,ûc,0.000000,\,,
897,ð\œ,ûc,0.000000,\,,
898,ð\œ,ûc,0.000000,\,,
899,ð\œ,ûc,0.000000,\,,
900,ð\œ,ûc,0.000000,\,,
901,ð\œ,ûc,0.000000,\,,
902,ð\œ,ûc,0.000000,\,,
903,ð\œ,ûc,0.000000,\,,
904,ð\œ,ûc,0.000000,\,,
905,ð\œ,ûc,0.000000,\,,
906,ð\œ,ûc,0.000000,\,,
907,ð\œ,ûc,0.000000,\,,
908,ð\œ,ûc,0.000000,\,,
909,ð\œ,ûc,0.000000,\,,
910,ð\œ,ûc,0.000000,\,,
911,ð\œ,ûc,0.000000,\,,
912,ð\œ,ûc,0.000000,\,,
913,ð\œ,ûc,0.000000,\,,
914,ð\œ,ûc,0.000000,\,,
915,ð\œ,ûc,0.000000,\,,
916,ð\œ,ûc,0.000000,\,,
917,ð\œ,ûc,0.000000,\,,
918,ð\œ,ûc,0.000000,\,,
919,ð\œ,ûc,0.000000,\,,
920,ð\œ,ûc,0.000000,\,,
921,ð\œ,ûc,0.000000,\,,
922,ð\œ,ûc,0.000000,\,,
923,ð\œ,ûc,0.000000,\,,
924,ð\œ,ûc,0.000000,\,,
925,ð\œ,ûc,0.000000,\,,
926,ð\œ,ûc,0.000000,\,,
927,ð\œ,ûc,0.000000,\,,
928,ð\œ,ûc,0.000000,\,,
929,ð\œ,ûc,0.000000,\,,
930,ð\œ,ûc,0.000000,\,,
931,ð\œ,ûc,0.000000,\,,
932,ð\œ,ûc,0.000000,\,,
933,ð\œ,ûc,0.000000,\,,
934,ð\œ,ûc,0.000000,\,,
935,ð\œ,ûc,0.000000,\,,
936,ð\œ,ûc,0.000000,\,,
937,ð\œ,ûc,0.000000,\,,
938,ð\œ,ûc,0.000000,\,,
939,ð\œ,ûc,0.000000,\,,
940,ð\œ,ûc,0.000000,\,,
941,ð\œ,ûc,0.000000,\,,
942,ð\œ,ûc,0.000000,\,,
943,ð\œ,ûc,0.000000,\,,
944,ð\œ,ûc,0.000000,\,,
945,ð\œ,ûc,0.000000,\,,
946,ð\œ,ûc,0.000000,\,,
947,ð\œ,ûc,0.000000,\,,
948,ð\œ,ûc,0.000000,\,,
949,ð\œ,ûc,0.000000,\,,
950,ð\œ,ûc,0.000000,\,,
951,ð\œ,ûc,0.000000,\,,
952,ð\œ,ûc,0.000000,\,,
953,ð\œ,ûc,0.000000,\,,
954,ð\œ,ûc,0.000000,\,,
955,ð\œ,ûc,0.000000,\,,
956,ð\œ,ûc,0.000000,\,,
957,ð\œ,ûc,0.000000,\,,
958,ð\œ,ûc,0.000000,\,,
959,ð\œ,ûc,0.000000,\,,
960,ð\œ,ûc,0.000000,\,,
961,ð\œ,ûc,0.000000,\,,
962,ð\œ,ûc,0.000000,\,,
963,ð\œ,ûc,0.000000,\,,
964,ð\œ,ûc,0.000000,\,,
965,ð\œ,ûc,0.000000,\,,
966,ð\œ,ûc,0.000000,\,,
967,ð\œ,ûc,0.000000,\,,
968,ð\œ,ûc,0.000000,\,,
969,ð\œ,ûc,0.000000,\,,
970,ð\œ,ûc,0.000000,\,,
971,ð\œ,ûc,0.000000,\,,
972,ð\œ,ûc,0.000000,\,,
973,ð\œ,ûc,0.000000,\,,
974,ð\œ,ûc,0.000000,\,,
975,ð\œ,ûc,0.000000,\,,
976,ð\œ,ûc,0.000000,\,,
977,ð\œ,ûc,0.000000,\,,
978,ð\œ,ûc,0.000000,\,,
979,ð\œ,ûc,0.000000,\,,
980,ð\œ,ûc,0.000000,\,,
981,ð\œ,ûc,0.000000,\,,
982,ð\œ,ûc,0.000000,\,,
983,ð\œ,ûc,0.000000,\,,
984,ð\œ,ûc,0.000000,\,,
985,ð\œ,ûc,0.000000,\,,
986,ð\œ,ûc,0.000000,\,,
987,ð\œ,ûc,0.000000,\,,
988,ð\œ,ûc,0.000000,\,,
989,ð\œ,ûc,0.000000,\,,
990,ð\œ,ûc,0.000000,\,,
991,ð\œ,ûc,0.000000,\,,
992,ð\œ,ûc,0.000000,\,,
993,ð\œ,ûc,0.000000,\,,
994,ð\œ,ûc,0.000000,\,,
995,ð\œ,ûc,0.000000,\,,
996,ð\œ,ûc,0.000000,\,,
997,ð\œ,ûc,0.000000,\,,
998,ð\œ,ûc,0.000000,\,,
999,ð\œ,ûc,0.000000,\,,
1000,ð\œ,ûc,0.000000,\,,
