id,name,price
1,Rudolph,6929
2,Tadd,3278
3,Basil,6741
4,Ernestine,9747
5,Ewen,4013
6,Ferrell,9723
7,Eugenio,7461
8,Darnall,8993
9,Noelyn,9545
10,Darrick,2958
11,Korella,6137
12,Ephrem,3997
13,Cozmo,6731
14,Jacynth,9346
15,Shaina,6787
16,Thorpe,7774
17,Regina,9572
18,Britteny,6823
19,Brietta,4943
20,Derwin,7538
21,Freemon,2325
22,Benetta,6642
23,Rita,3110
24,Neddy,7510
25,Brennen,4475
26,Ernestus,5550
27,Lind,8322
28,Briggs,4723
29,Leonore,2448
30,Gerik,9898
31,Merrile,2520
32,Sofia,9039
33,Brinn,3816
34,Cicely,4255
35,Dody,5110
36,Katti,1112
37,Melosa,7586
38,Ricoriki,6677
39,Vale,4679
40,Almira,3181
41,Christoforo,5197
42,Mead,9350
43,Clarette,8206
44,Quinn,2814
45,Brigida,8386
46,Jobie,6861
47,Charlene,4288
48,Idaline,2667
49,Barbabas,9803
50,Phillida,4420
51,Natka,9365
52,Rosemaria,3995
53,Padraig,7307
54,Franny,7386
55,Ralf,4425
56,Gerty,1865
57,Jania,5285
58,Etienne,5550
59,Louis,7847
60,Khalil,5230
61,Gerrie,6152
62,Codi,1793
63,Felic,7268
64,Zorine,4243
65,Kellie,3404
66,Arly,9618
67,Dukie,2988
68,Thedric,7918
69,Erin,1799
70,Persis,5169
71,Dannie,5587
72,Peria,7403
73,Kimberley,2802
74,Errick,6118
75,Arvin,2325
76,Franchot,1679
77,Jacquelyn,7872
78,Gates,4525
79,Viviyan,8855
80,Ettie,1723
81,Archer,6068
82,Dido,1084
83,Valentina,1181
84,Selestina,6194
85,Christabella,3161
86,Ester,5547
87,Austine,1452
88,Honor,1106
89,Nicolis,3937
90,Brendon,7640
91,Carly,4344
92,Max,5592
93,Shirl,6997
94,Aurilia,1925
95,Ardine,7432
96,Sunny,9452
97,Kylie,4818
98,Niles,9851
99,Jacquelyn,7537
100,Lianna,1297
101,Rees,6511
102,Scotti,2553
103,Tabbitha,5481
104,Fidelia,4283
105,Stanly,5169
106,Gerda,1064
107,Aveline,7639
108,Aundrea,4373
109,Claybourne,1213
110,Zebulon,4817
111,Randie,8867
112,Jere,3971
113,Marrilee,5809
114,Christiane,3349
115,Birgitta,9579
116,Dyana,7958
117,Frants,7729
118,Neddy,9719
119,Ciel,5217
120,Darwin,8767
121,Hildegaard,6002
122,Kira,6128
123,Hillary,2428
124,Hester,7236
125,Farley,2681
126,Sib,2316
127,Ameline,1821
128,Anetta,2687
129,Ileane,4288
130,Vernor,6995
131,Andrey,1135
132,Aimee,4237
133,Eleanore,5132
134,Don,2048
135,Rosalynd,2026
136,Horatia,6203
137,Kym,8998
138,Jake,8095
139,Sean,5465
140,Kathrine,4746
141,Ben,8530
142,Olga,7254
143,Trisha,4720
144,Sari,2572
145,Horatia,5315
146,Reagan,1617
147,Tine,7911
148,Gena,4777
149,Annecorinne,9541
150,Winne,5267
151,Rudolph,8846
152,Sarajane,4492
153,Husein,7251
154,Durant,7424
155,Glori,3866
156,Sully,4886
157,Eldridge,2003
158,Washington,9204
159,Garald,2757
160,Babs,9233
161,Cordie,6122
162,Anson,6245
163,Renaud,7821
164,Nat,7883
165,Ema,1818
166,Fifine,8679
167,Anitra,4062
168,Evie,9509
169,Elfreda,8489
170,Christyna,7478
171,Neille,7841
172,Camile,5981
173,Warde,1342
174,Cacilie,6761
175,Alexi,3167
176,Kalil,9768
177,Hanni,7385
178,Tracey,2128
179,Billie,3899
180,Simone,6373
181,Rori,8713
182,Leonhard,1930
183,Esmaria,1827
184,Portia,4149
185,Danielle,7091
186,Niki,2404
187,Desdemona,5475
188,Anthiathia,2421
189,Lenard,6919
190,Rodolfo,5208
191,Rosaline,4802
192,Pascale,7213
193,Emmett,4589
194,Lorrie,4677
195,Barbara-anne,9135
196,Sofia,8038
197,Harbert,5965
198,Frederigo,4521
199,Mannie,8674
200,Sharline,1193
201,Putnam,2057
202,Nick,9004
203,Decca,7000
204,Arlana,1241
205,Rowe,3017
206,Darryl,4601
207,Tedmund,4423
208,Rosanne,2638
209,Bernadine,7031
210,Fredra,7287
211,Austina,7944
212,Jocelyne,1879
213,Tracey,2203
214,Lexi,1489
215,Tabor,4166
216,Myrtice,9181
217,Milena,2080
218,Christoforo,2105
219,Holly,2642
220,Matty,1183
221,Crissy,3402
222,Stanislaus,7040
223,Charlotte,4158
224,Orsa,1454
225,Herb,4186
226,Elyse,9580
227,Ruthanne,7319
228,Far,1018
229,Zaneta,2314
230,Cookie,4223
231,Harcourt,4627
232,Shel,3157
233,Allyn,9756
234,Roxane,5215
235,Hermione,2135
236,Kennett,8340
237,Lyndel,8245
238,Caddric,2101
239,Jessee,4916
240,Lyn,3653
241,Cindee,9864
242,Beilul,4105
243,Murdoch,9652
244,Marchelle,5627
245,Stevana,2994
246,Darelle,5825
247,Gwenni,2137
248,Joel,5763
249,Cordie,2302
250,Inglis,3543
251,Lari,8143
252,Alexander,4808
253,Bamby,6707
254,Mitchael,5031
255,Erl,6892
256,Marylynne,9399
257,Rakel,9893
258,Rhys,6730
259,Kristos,4024
260,Phineas,1123
261,Phillipp,2749
262,Kristen,1149
263,Redford,7999
264,Albie,4896
265,Esra,5318
266,Claudio,8615
267,Benedicto,8431
268,Gale,2252
269,Gradeigh,8449
270,Mayor,4719
271,Waldemar,5271
272,Johny,4594
273,Ileana,2515
274,Reinaldos,9027
275,Alanah,7602
276,Joelynn,4571
277,Laraine,4756
278,Aurie,4958
279,Darya,2995
280,Dot,2396
281,Devy,5530
282,Yalonda,5621
283,Philly,6419
284,Morissa,8356
285,Dunc,9501
286,Herculie,7056
287,Artemus,8924
288,Reinold,9489
289,Erena,1979
290,Jaimie,9893
291,Audrye,8318
292,Erik,6060
293,Rudolph,2684
294,Cornie,7394
295,Priscilla,4793
296,Giorgio,6606
297,Nealy,7910
298,Mordecai,8581
299,Viole,4105
300,Glennis,3760
301,Erda,4785
302,Rolf,7027
303,Bert,4293
304,Brittaney,7128
305,Katrinka,3509
306,Willard,8673
307,Wes,1447
308,Ambrosi,7052
309,Illa,5785
310,Larissa,4050
311,Hewet,8033
312,Amalle,3183
313,Nettle,1380
314,Salem,3612
315,Van,8737
316,Twila,9097
317,Howard,5580
318,Archibold,8823
319,Chilton,2953
320,Tabina,7514
321,Tobiah,1775
322,Otto,1046
323,Noami,5060
324,Elle,9995
325,Portie,4601
326,Feliks,6759
327,Jarrett,1551
328,Minor,1387
329,Sibylla,9890
330,Field,9419
331,Russ,9333
332,Cobbie,9881
333,Jeremie,5767
334,Nerty,5105
335,Rex,7543
336,Ainsley,7471
337,Garry,6488
338,Julian,9670
339,Gaylene,8967
340,Pattie,3629
341,Ettore,6688
342,Fayth,4368
343,Liv,8958
344,Nathanael,9773
345,Bella,4230
346,Mordecai,6232
347,Kalila,1430
348,Federica,9905
349,Ora,4443
350,Luce,3897
351,Josie,4259
352,Lisabeth,4003
353,Hynda,6432
354,Gorden,8794
355,Herrick,9028
356,Enrique,8049
357,Gloriane,9740
358,Alayne,5438
359,Mischa,6991
360,Hall,9588
361,Michail,4394
362,Oneida,7305
363,Roze,3609
364,Kerrie,3606
365,Tonye,6297
366,Northrup,5590
367,Wilbert,5619
368,Rosemonde,1409
369,Beverley,3443
370,Lorilee,5609
371,Jasen,1871
372,Leia,3618
373,De,2080
374,Florentia,4112
375,Norina,2089
376,Myrtice,2661
377,Ada,7021
378,Sharia,1765
379,Vaughan,5849
380,Leroy,5848
381,Gaby,8012
382,Eustace,9109
383,Audy,9681
384,Cecilio,5832
385,Jaquelyn,5565
386,Fax,5120
387,Bud,9777
388,Neville,2474
389,Eugenio,5925
390,Lara,5874
391,Lynna,8381
392,Jessie,2790
393,Hubie,1568
394,Marielle,4935
395,Brandon,7522
396,Virgil,2539
397,Alexis,9452
398,Jody,2307
399,Ettie,4768
400,William,4843
401,Henriette,1873
402,Gustave,5207
403,Salomi,1670
404,Gerald,7292
405,Bryon,4627
406,Manfred,2554
407,Caryl,7651
408,Katuscha,8983
409,Carena,2668
410,Brnaby,1095
411,Ambros,4753
412,Quintana,4589
413,Alexis,4659
414,Levy,8854
415,Joya,8844
416,Tresa,7090
417,Reena,5137
418,Eb,8941
419,Alanson,1266
420,Aili,4046
421,Edik,1422
422,Fergus,8848
423,Micheal,8302
424,Feodora,4399
425,Fair,7505
426,Monroe,1299
427,Ynez,2507
428,Mikey,7403
429,Cal,3045
430,Jaquith,6694
431,Abeu,3090
432,Kamilah,4925
433,Amy,1073
434,Sigismundo,9712
435,Zerk,7830
436,Phylis,6407
437,Kalindi,3558
438,Bianca,1919
439,Vincenty,4605
440,Alane,9693
441,Antonie,7808
442,Hilliard,9382
443,Fairfax,4335
444,Shantee,8115
445,Selena,4986
446,Lebbie,6887
447,Earlie,5969
448,Erminie,3023
449,Auguste,3102
450,Godwin,5565
451,Bogey,6387
452,Clifford,6524
453,Franklin,1332
454,Gaspar,4389
455,Teressa,7828
456,Morissa,7594
457,Chrissy,1094
458,Jenelle,2858
459,Jackson,4572
460,Erena,9633
461,Arabele,1180
462,Glynnis,8574
463,Finlay,7595
464,Dieter,4112
465,Midge,7080
466,Edward,7536
467,Amye,7009
468,Tuck,5343
469,Stanleigh,5735
470,Ede,1155
471,Kaitlin,8954
472,Noble,7374
473,Massimiliano,4541
474,Rose,3467
475,Bord,7888
476,Odella,9954
477,Phylis,6223
478,Gav,2233
479,Nicola,3838
480,Noni,8418
481,Charley,7389
482,Norby,6246
483,Crysta,7107
484,Briney,2719
485,Pace,2149
486,Rouvin,7249
487,Lambert,5627
488,Raina,1263
489,Ginni,3365
490,Beret,9369
491,Nolie,6365
492,Mortimer,4545
493,Dulcie,1487
494,Dugald,4494
495,Barry,9559
496,Archaimbaud,8349
497,Aguistin,7178
498,Liane,2505
499,Alli,4785
500,Christi,4860
501,Opalina,7248
502,Willie,3637
503,Jemmie,1013
504,Rollo,1436
505,Dore,8028
506,Willy,9612
507,Stanley,7354
508,Alexine,8606
509,Durant,2393
510,Hannis,5030
511,Russell,2208
512,Rana,8192
513,Theadora,8793
514,Mordecai,4555
515,Twila,1661
516,Cesaro,9098
517,Elvina,3262
518,Gabbie,9103
519,Hillie,5745
520,Monroe,6722
521,Darelle,6940
522,Matty,3529
523,Carmencita,8259
524,Man,1826
525,Nicol,4440
526,Clareta,9329
527,Isobel,3979
528,Cyndia,8744
529,Raff,4816
530,Thadeus,8344
531,Curran,4107
532,Dorelia,4442
533,Rik,5675
534,Odilia,3566
535,Cinda,5374
536,Vera,7729
537,Hyacinthia,6994
538,Florri,5554
539,Allistir,9756
540,Caresa,6839
541,Cullin,2810
542,Deeanne,9806
543,Marcia,2403
544,Shep,4441
545,Charleen,9236
546,Dallon,2509
547,Hershel,3259
548,Reuven,4904
549,Fayette,9366
550,Martica,3916
551,Ronald,8575
552,Emmott,2169
553,Madelle,7985
554,Miles,2489
555,Egon,5282
556,Aridatha,9077
557,Ruperto,1348
558,Rania,4046
559,Kessiah,4659
560,Lucilia,6569
561,Salomon,3593
562,Vin,4824
563,Alfonse,7573
564,Rafa,8299
565,Dunc,4484
566,Tadd,4175
567,Sammie,7555
568,Kai,5554
569,Nevin,3458
570,Maxy,8249
571,Fraze,6897
572,Hamilton,1388
573,Vere,5997
574,Eadmund,3604
575,Tito,6481
576,Thedrick,2469
577,Bealle,6119
578,Ardath,8817
579,Norah,3761
580,Karlie,1955
581,Gracia,4885
582,Estevan,7785
583,Karalee,5514
584,Kimmy,7716
585,Rick,4150
586,Val,4004
587,Belia,3513
588,Odette,6349
589,Sallee,7553
590,Norina,3367
591,Yolanda,7759
592,Nata,8569
593,Rowan,5710
594,Ruperta,3884
595,Odell,7638
596,Diandra,3448
597,Guglielmo,8240
598,Berkeley,8261
599,Berkley,5436
600,Patrica,6107
601,Madelina,8344
602,Deck,1453
603,Donnie,2275
604,Jodie,2981
605,Vivienne,2687
606,Jacinda,7011
607,Marieann,9447
608,Lissy,3740
609,Temp,1857
610,Lettie,2472
611,Hilary,4530
612,Kathlin,9797
613,Spike,1867
614,Eal,8819
615,Gretchen,1892
616,Luigi,4071
617,Julie,2728
618,Gardener,1786
619,Sarge,1662
620,Rozina,3377
621,Conrado,6297
622,Cathe,8713
623,Erv,8723
624,Aron,1218
625,Sonny,6306
626,Hilary,4555
627,Rose,3301
628,Vince,5058
629,Shannan,7741
630,Gerianna,3997
631,Clarita,7322
632,Kati,2091
633,Arnoldo,2592
634,Sky,9196
635,Walsh,7438
636,Karlan,8826
637,Cyndi,8977
638,Otho,8725
639,Bartlet,5314
640,Johann,5589
641,Westley,5263
642,Giacomo,4836
643,Billie,1162
644,Laurella,7278
645,Hannis,3651
646,Raquel,2436
647,April,6824
648,Dallon,5431
649,Adella,9001
650,Carin,9472
651,Joana,2076
652,Morrie,9513
653,Adrianna,5106
654,Mahmud,8538
655,Latisha,6337
656,Jessamyn,3682
657,Ebba,5664
658,Desiree,6290
659,Cindee,3640
660,Darcie,4202
661,Nappie,5231
662,Neile,3824
663,Seamus,4328
664,Rhoda,1252
665,Hendrick,7766
666,Lissa,3690
667,Tilda,3021
668,Florrie,3366
669,Virgie,6987
670,Wallie,9052
671,Simon,9740
672,Emmy,6553
673,Rob,6049
674,Laurice,7834
675,Jessamine,6202
676,Hettie,6529
677,Bibi,4583
678,Fairfax,9074
679,Murial,3927
680,Jorge,9308
681,Ada,2747
682,Gottfried,4000
683,Alwin,5205
684,Garek,7871
685,Netty,4232
686,Ferd,5060
687,Joli,3392
688,Vladimir,7836
689,Matty,5313
690,Jerad,2326
691,Devondra,3973
692,Sebastien,2696
693,Haley,5017
694,Carver,2040
695,Anette,1363
696,Ellissa,1835
697,Steffane,5286
698,Nefen,7061
699,Constantine,4960
700,Graeme,1297
701,Jay,3456
702,Durand,1562
703,Gustave,5958
704,Joletta,4706
705,Malynda,7968
706,Delphinia,2695
707,Rossie,2574
708,Cynthea,8352
709,Elbertine,1931
710,Christiana,1657
711,Tildy,1260
712,Cassie,7380
713,Josephine,3112
714,Gayle,7092
715,Fanya,3655
716,Rand,7025
717,Vally,2714
718,Sigismund,1704
719,Beckie,1870
720,Boothe,6174
721,Alfie,9878
722,Wilone,4279
723,Nelle,1833
724,Dickie,8848
725,Loydie,2229
726,Somerset,1732
727,Florida,4913
728,Wenonah,9361
729,Renie,4704
730,Isabeau,7040
731,Hugues,1143
732,Murielle,6501
733,Jacobo,9788
734,Bogey,3543
735,Gina,8122
736,Gleda,6016
737,Tyrus,4722
738,Ewell,5940
739,Jemima,1958
740,Bond,4709
741,Saba,2739
742,Holly,2566
743,Angelico,4696
744,Ase,6111
745,Barde,7202
746,Shelley,7255
747,Erik,8590
748,Anita,7411
749,Chevalier,3403
750,Bard,2361
751,Donna,9046
752,Stephine,8146
753,Dion,8972
754,Ryann,7633
755,Lanae,8496
756,Tedman,2958
757,Erwin,3367
758,Kally,8785
759,Lucila,7294
760,Cynde,8337
761,Bobbie,7420
762,Sheena,1855
763,Gonzales,6973
764,Carmen,6478
765,Sax,9901
766,Leicester,8767
767,Bartholomeus,7967
768,Gussi,8610
769,Marty,7000
770,Heidie,4116
771,Gibb,3848
772,Merle,8160
773,Berke,1753
774,Clementina,2989
775,Dillon,9120
776,Twyla,4758
777,Rayshell,4667
778,Pippo,9765
779,Sindee,7430
780,Brianna,2105
781,Jamal,5287
782,Ealasaid,6043
783,Falito,2468
784,Ole,1975
785,Herschel,9616
786,Tallie,5048
787,Angy,1270
788,Judy,5209
789,Jocelin,4350
790,Katharine,9950
791,Alisa,6335
792,Patricio,6324
793,Melamie,7246
794,Conchita,4357
795,Mildrid,4160
796,Conan,1097
797,Jaymie,2174
798,Jermayne,4664
799,Nonie,7019
800,Trixy,9118
801,Bax,4359
802,Gilly,2911
803,Fernanda,8445
804,Orly,2097
805,Huntington,3557
806,Opal,6597
807,Clerissa,1136
808,Emiline,1295
809,Vasilis,2004
810,Clem,4015
811,Stephen,4199
812,Bink,9266
813,Annaliese,1719
814,Dixie,1124
815,Kara,2289
816,Hobey,9814
817,Jerry,4863
818,Carroll,5542
819,Nikolos,3353
820,Lorne,5807
821,Binky,8993
822,Dosi,5541
823,Dimitri,1140
824,Luke,4838
825,Boothe,9853
826,Cordie,2530
827,Eldridge,7878
828,Onofredo,8253
829,Danica,1167
830,Alric,4027
831,Pearline,1838
832,Skylar,1784
833,Augustin,6950
834,Auberta,7331
835,Aldric,7612
836,Luise,2519
837,Ashli,1676
838,Nettie,2349
839,Jarad,5936
840,Caz,8170
841,Fidela,6889
842,Tani,7162
843,Spense,6651
844,Carma,8168
845,Aurelia,2838
846,Johnna,7827
847,Addison,1975
848,Kim,7788
849,Parnell,2022
850,Nestor,2914
851,Giffie,2676
852,Addison,2401
853,Mildrid,3650
854,Loleta,5373
855,Billie,8931
856,Dare,6825
857,Flory,6520
858,Bastien,2243
859,Cale,9205
860,Torry,5118
861,Alexandro,8084
862,Florri,4662
863,Allen,1893
864,Marybelle,5085
865,Hedwig,6951
866,Andree,4890
867,Creigh,7770
868,Dorthea,4584
869,Augustus,4291
870,Bobina,4396
871,Quintus,4713
872,Sara-ann,4207
873,Ezmeralda,8830
874,Odille,4160
875,Chicky,6459
876,Mathe,5271
877,Jamesy,4302
878,Renaud,4682
879,Angelita,8351
880,Lev,3237
881,Lambert,9702
882,Joelle,7085
883,Rosana,8092
884,Jarred,1169
885,Lilli,6036
886,Othella,2702
887,Evie,8526
888,Bobine,7300
889,Marcello,1803
890,Dell,2877
891,Pippo,9438
892,Onida,4036
893,Dalenna,2623
894,Nicolais,7442
895,Hyacinthe,2566
896,Nicki,1632
897,Teodorico,2779
898,Coraline,2392
899,Vickie,4241
900,Emmett,2001
901,Webster,7655
902,Clare,7432
903,Guss,2267
904,Chrysa,6562
905,Donny,7112
906,Van,8316
907,Birdie,8951
908,Bellanca,5020
909,Cosme,3181
910,Nana,3191
911,Ninnetta,2699
912,Mirabella,3487
913,Ewen,7828
914,Chloris,1118
915,Willi,7396
916,Ricki,3934
917,Carrissa,4263
918,Dore,9918
919,Collette,1790
920,Hernando,2593
921,Franzen,9649
922,Clarette,6381
923,Barrie,2020
924,Sherline,9123
925,Evered,2006
926,Aubrey,5112
927,Ole,7255
928,Channa,8667
929,Morton,8225
930,Erick,1103
931,Judi,2819
932,Christophorus,1964
933,Randy,4203
934,Arielle,9320
935,Rosalinde,6521
936,Daphne,9469
937,Frankie,3288
938,Shanda,5707
939,Leora,6097
940,Frances,2504
941,Brooks,5762
942,Aleda,7014
943,Lammond,1430
944,Ronica,9592
945,Austin,5608
946,Opalina,7386
947,Flore,4189
948,Estevan,6529
949,Clayborne,8378
950,Grissel,4180
951,Ashlie,2111
952,Agneta,2604
953,Pavlov,6178
954,Sydney,3773
955,Ida,6077
956,Jarrod,8470
957,Bradan,2646
958,Humbert,9594
959,Ceil,2889
960,Rouvin,3216
961,Goober,4779
962,Lyn,1729
963,Lenette,6562
964,Noella,7399
965,Melody,8565
966,Darren,4271
967,Camellia,6681
968,Dorolisa,7941
969,Sonya,3543
970,Irma,9532
971,Mela,1101
972,Masha,2743
973,Yankee,5987
974,Chandra,7566
975,Alicea,7044
976,Genia,3989
977,Alvie,1930
978,Truman,6127
979,Efrem,2896
980,Lilly,4443
981,Korey,4699
982,Perkin,1555
983,Christy,9198
984,Vilhelmina,4539
985,Harmonie,5728
986,Lelia,2338
987,Nicolea,3568
988,Agnese,9594
989,Aggie,6562
990,Sheilakathryn,3548
991,Delmor,3129
992,Lamar,7158
993,Casey,4482
994,Mel,9664
995,Tracee,4017
996,Marcie,6229
997,Constantine,9131
998,Giff,7689
999,Jesse,7344
1000,Lothario,3055
